date_time,record_id,GoldsteinScale,NumMentions,NumSources,NumArticles,AvgTone
2021-01-01 14:30:00,CAN_LAB,-0.4,2,1,2,-1.74081237911025
2021-01-02 17:00:00,CAN_LAB,0.0,2,1,2,-0.36563071297989
2021-01-04 13:15:00,CAN_LAB,3.4,2,1,2,4.40251572327044
2021-01-04 20:45:00,CAN_LAB,3.0,6,1,6,-1.58013544018059
2021-01-06 19:30:00,CAN_LAB,-0.1,5,1,5,1.31578947368421
2021-01-06 22:30:00,CAN_LAB,1.9,8,1,8,-4.08163265306123
2021-01-07 01:15:00,CAN_LAB,1.9,2,1,2,0.0
2021-01-11 01:30:00,CAN_LAB,0.0,1,1,1,-1.59574468085106
2021-01-12 14:15:00,CAN_LAB,4.0,10,1,10,-5.95611285266458
2021-01-13 16:30:00,CAN_LAB,-10.0,8,1,8,-4.76190476190476
2021-01-13 21:15:00,CAN_LAB,-6.5,6,1,6,-2.58899676375404
2021-01-14 07:00:00,CAN_LAB,-6.5,6,1,6,-2.77777777777778
2021-01-14 12:15:00,CAN_LAB,-0.4,2,1,2,-2.67379679144385
2021-01-14 19:00:00,CAN_LAB,4.0,6,1,6,-2.53251197809719
2021-01-15 05:15:00,CAN_LAB,1.0,10,1,10,7.08446866485014
2021-01-15 22:30:00,CAN_LAB,-0.4,10,1,10,1.07843137254902
2021-01-16 20:30:00,CAN_LAB,3.4,9,3,9,-2.13523131672598
2021-01-17 00:00:00,CAN_LAB,3.4,3,1,3,-2.1505376344086
2021-01-19 22:15:00,CAN_LAB,0.0,6,1,6,-5.75858250276855
2021-01-20 03:15:00,CAN_LAB,0.0,1,1,1,-5.38720538720539
2021-01-21 00:45:00,CAN_LAB,4.5,3,1,3,-1.75
2021-01-22 01:00:00,CAN_LAB,-2.0,2,1,2,-1.6
2021-01-22 11:45:00,CAN_LAB,2.8,10,1,10,1.04821802935011
2021-01-22 19:15:00,CAN_LAB,0.0,5,1,5,-1.2311901504788
2021-01-22 19:45:00,CAN_LAB,-10.0,4,2,4,-1.45153905683389
2021-01-25 17:30:00,CAN_LAB,0.0,2,1,2,-0.85427135678392
2021-01-26 11:45:00,CAN_LAB,6.0,5,1,5,0.14513788098694
2021-01-26 22:15:00,CAN_LAB,4.0,1,1,1,0.2125398512221
2021-01-27 21:00:00,CAN_LAB,7.4,5,1,5,0.17636684303351
2021-01-27 23:00:00,CAN_LAB,6.0,2,1,2,-4.09356725146199
2021-01-28 01:30:00,CAN_LAB,6.0,6,3,6,-4.09356725146199
2021-01-28 12:45:00,CAN_LAB,4.0,1,1,1,0.29732408325074
2021-01-28 16:15:00,CAN_LAB,7.0,5,1,5,4.3010752688172
2021-01-28 20:30:00,CAN_LAB,-0.4,4,1,4,-5.29723366686286
2021-01-29 20:30:00,CAN_LAB,-2.0,5,1,5,2.04678362573099
2021-02-02 22:15:00,CAN_LAB,0.0,1,1,1,-6.52395514780836
2021-02-02 22:45:00,CAN_LAB,3.4,4,1,4,4.70588235294118
2021-02-08 19:45:00,CAN_LAB,4.0,4,2,4,-0.515256164406805
2021-02-09 17:15:00,CAN_LAB,4.0,2,1,2,0.43668122270742
2021-02-10 16:30:00,CAN_LAB,-5.0,2,1,2,-2.14424951267056
2021-02-11 00:30:00,CAN_LAB,4.0,5,1,5,-1.05115627189909
2021-02-11 01:00:00,CAN_LAB,4.0,10,1,10,-1.79640718562874
2021-02-11 02:45:00,CAN_LAB,4.0,3,1,3,-1.07816711590297
2021-02-12 15:30:00,CAN_LAB,4.0,5,1,5,-0.89730807577269
2021-02-14 00:00:00,CAN_LAB,-4.0,5,1,5,-3.78787878787879
2021-02-14 18:00:00,CAN_LAB,0.0,2,1,2,-4.17366274886063
2021-02-18 20:45:00,CAN_LAB,0.0,10,1,10,0.49261083743843
2021-02-18 23:45:00,CAN_LAB,6.0,5,1,5,2.92134831460674
2021-02-19 16:00:00,CAN_LAB,0.0,10,1,10,-0.44722719141324
2021-02-19 20:00:00,CAN_LAB,3.4,20,2,20,4.55973693825357
2021-02-19 22:00:00,CAN_LAB,4.0,4,1,4,-0.47619047619048
2021-02-20 00:00:00,CAN_LAB,4.0,4,1,4,-0.72840790842872
2021-02-20 02:00:00,CAN_LAB,3.4,10,1,10,4.66472303206997
2021-02-22 13:00:00,CAN_LAB,-2.0,3,1,3,-1.83875530410184
2021-02-23 01:00:00,CAN_LAB,3.0,10,1,10,-0.92436974789916
2021-02-25 14:00:00,CAN_LAB,4.0,10,1,10,-4.13907284768212
2021-02-27 13:15:00,CAN_LAB,4.0,6,1,6,-3.53982300884956
2021-02-27 15:00:00,CAN_LAB,3.4,2,1,2,-3.91517128874389
2021-03-01 23:15:00,CAN_LAB,1.9,2,1,2,0.76142131979696
2021-03-03 00:30:00,CAN_LAB,2.8,3,1,3,2.94416243654822
2021-03-03 20:15:00,CAN_LAB,0.0,5,1,5,0.44416243654822
2021-03-04 15:30:00,CAN_LAB,0.0,5,1,5,0.44893378226712
2021-03-05 02:30:00,CAN_LAB,8.0,4,1,4,2.54777070063694
2021-03-06 12:15:00,CAN_LAB,1.9,2,1,2,-2.84237726098191
2021-03-06 20:45:00,CAN_LAB,-5.0,4,1,4,-0.44378698224853
2021-03-08 23:45:00,CAN_LAB,5.0,5,1,5,4.7244094488189
2021-03-10 21:15:00,CAN_LAB,4.0,10,1,10,1.24223602484472
2021-03-11 14:15:00,CAN_LAB,1.9,2,1,2,-1.44230769230769
2021-03-11 15:45:00,CAN_LAB,-2.0,10,1,10,-1.15830115830116
2021-03-12 13:45:00,CAN_LAB,-10.0,4,1,4,0.12121212121212
2021-03-12 15:15:00,CAN_LAB,3.0,1,1,1,-2.4516129032258
2021-03-12 15:30:00,CAN_LAB,1.9,2,1,2,3.61881785283474
2021-03-12 21:45:00,CAN_LAB,4.0,2,1,2,1.29310344827587
2021-03-16 02:30:00,CAN_LAB,8.0,10,1,10,2.4948024948025
2021-03-16 17:45:00,CAN_LAB,-4.0,8,1,8,-0.59523809523809
2021-03-16 18:00:00,CAN_LAB,-4.0,8,1,8,-0.26595744680851
2021-03-16 19:15:00,CAN_LAB,-4.0,14,2,14,0.416020971831716
2021-03-16 20:45:00,CAN_LAB,4.0,10,1,10,1.2448132780083
2021-03-17 19:15:00,CAN_LAB,0.0,2,1,2,1.00250626566416
2021-03-21 22:15:00,CAN_LAB,-4.0,3,1,3,-5.70175438596491
2021-03-23 10:30:00,CAN_LAB,0.0,6,1,6,-0.31813361611877
2021-03-24 20:15:00,CAN_LAB,0.0,6,1,6,-2.40963855421687
2021-03-27 16:30:00,CAN_LAB,3.4,1,1,1,-5.76271186440678
2021-03-29 13:15:00,CAN_LAB,-5.0,10,1,10,-3.53982300884956
2021-03-29 13:45:00,CAN_LAB,4.0,6,1,6,-3.73831775700934
2021-04-01 02:45:00,CAN_LAB,0.0,4,1,4,0.64412238325282
2021-04-02 13:45:00,CAN_LAB,3.4,1,1,1,-3.91993327773144
2021-04-06 06:45:00,CAN_LAB,-2.0,3,1,3,-3.45768880800728
2021-04-06 19:15:00,CAN_LAB,7.4,5,1,5,0.51546391752577
2021-04-07 09:00:00,CAN_LAB,7.4,3,1,3,2.17889908256881
2021-04-07 23:30:00,CAN_LAB,3.0,10,1,10,2.83018867924528
2021-04-08 19:15:00,CAN_LAB,-0.4,10,1,10,-1.70603674540683
2021-04-12 01:00:00,CAN_LAB,4.0,5,1,5,-3.95869191049914
2021-04-12 19:15:00,CAN_LAB,1.9,10,1,10,-1.23456790123457
2021-04-12 23:30:00,CAN_LAB,1.9,20,1,20,-1.5
2021-04-13 14:30:00,CAN_LAB,0.0,6,1,6,-1.15473441108545
2021-04-14 14:00:00,CAN_LAB,3.0,4,1,4,5.77557755775577
2021-04-14 21:30:00,CAN_LAB,1.0,10,1,10,-0.93180015860428
2021-04-15 22:45:00,CAN_LAB,-0.1,1,1,1,0.0
2021-04-16 18:30:00,CAN_LAB,7.0,20,2,20,3.616803278688525
2021-04-19 20:30:00,CAN_LAB,7.0,6,1,6,3.13014827018122
2021-04-20 02:15:00,CAN_LAB,0.0,3,1,3,3.96732788798133
2021-04-21 00:00:00,CAN_LAB,2.8,2,1,2,-2.01342281879195
2021-04-21 21:15:00,CAN_LAB,4.0,5,1,5,3.70697263901147
2021-04-22 01:00:00,CAN_LAB,4.0,10,1,10,-0.15082956259427
2021-04-22 04:45:00,CAN_LAB,3.0,2,1,2,1.50987224157956
2021-04-22 13:00:00,CAN_LAB,3.0,10,1,10,1.06382978723404
2021-04-22 15:15:00,CAN_LAB,4.0,40,2,20,-7.43243243243243
2021-04-22 16:15:00,CAN_LAB,2.8,10,1,10,-8.41121495327103
2021-04-22 17:00:00,CAN_LAB,2.8,2,1,2,-1.98019801980198
2021-04-22 23:45:00,CAN_LAB,2.8,10,1,10,-8.72093023255814
2021-04-23 01:00:00,CAN_LAB,2.8,2,1,2,-1.06167846309404
2021-04-23 01:45:00,CAN_LAB,2.8,2,1,2,-1.26506024096385
2021-04-23 15:30:00,CAN_LAB,4.0,4,1,4,-4.53074433656958
2021-04-23 17:00:00,CAN_LAB,2.8,6,1,6,-3.76610505450941
2021-04-23 18:15:00,CAN_LAB,4.0,5,1,5,4.95677233429394
2021-04-24 02:00:00,CAN_LAB,-2.0,1,1,1,0.5420054200542
2021-04-24 17:45:00,CAN_LAB,10.0,2,1,2,0.38314176245211
2021-04-24 22:45:00,CAN_LAB,3.5,1,1,1,-0.56179775280899
2021-04-25 18:45:00,CAN_LAB,7.0,10,1,10,2.98329355608592
2021-04-26 18:15:00,CAN_LAB,4.0,10,1,10,4.71253534401509
2021-04-27 00:15:00,CAN_LAB,0.4,2,1,2,2.93486041517537
2021-04-27 06:15:00,CAN_LAB,-4.0,8,1,8,-4.97646267652992
2021-04-27 09:15:00,CAN_LAB,4.0,5,1,5,4.68319559228651
2021-04-27 16:15:00,CAN_LAB,3.4,11,2,11,-0.5335305719921102
2021-04-27 22:00:00,CAN_LAB,-2.0,10,1,10,-2.02952029520295
2021-04-28 00:30:00,CAN_LAB,2.8,6,1,6,-5.0314465408805
2021-04-28 07:00:00,CAN_LAB,2.8,4,1,4,-1.49558123725357
2021-04-28 09:15:00,CAN_LAB,0.0,2,1,2,-6.91489361702127
2021-04-28 16:30:00,CAN_LAB,2.8,10,1,10,-3.78151260504202
2021-04-28 17:15:00,CAN_LAB,3.4,4,1,4,1.69491525423729
2021-04-28 18:15:00,CAN_LAB,7.0,3,1,3,-3.7463976945245
2021-04-28 20:15:00,CAN_LAB,0.0,2,1,2,-1.62337662337662
2021-04-28 20:30:00,CAN_LAB,4.0,10,1,10,1.43884892086331
2021-04-28 21:45:00,CAN_LAB,3.7,11,2,11,-1.48075494962799
2021-04-28 22:30:00,CAN_LAB,4.0,2,1,2,-0.8130081300813
2021-04-29 02:45:00,CAN_LAB,4.0,10,1,10,0.18691588785047
2021-04-29 17:00:00,CAN_LAB,4.0,5,1,5,4.48045757864633
2021-05-01 20:45:00,CAN_LAB,7.4,6,1,6,-3.40050377833754
2021-05-02 02:45:00,CAN_LAB,1.0,2,1,2,6.55737704918033
2021-05-04 18:45:00,CAN_LAB,0.0,10,1,10,-2.11081794195251
2021-05-04 23:45:00,CAN_LAB,-0.4,5,1,5,-3.39861751152073
2021-05-05 00:15:00,CAN_LAB,-0.4,5,1,5,-3.33716915995397
2021-05-06 22:30:00,CAN_LAB,1.9,3,1,3,1.88356164383561
2021-05-07 01:15:00,CAN_LAB,1.9,3,1,3,2.05479452054794
2021-05-07 22:15:00,CAN_LAB,4.0,10,1,10,-2.07547169811321
2021-05-07 22:30:00,CAN_LAB,4.0,10,1,10,-5.91715976331361
2021-05-08 00:15:00,CAN_LAB,4.0,10,1,10,-2.07547169811321
2021-05-09 10:45:00,CAN_LAB,2.8,5,1,5,-0.84566596194503
2021-05-10 21:00:00,CAN_LAB,3.0,10,1,10,1.62162162162162
2021-05-12 02:00:00,CAN_LAB,2.8,2,1,2,-0.93457943925234
2021-05-13 15:15:00,CAN_LAB,7.4,4,1,2,-3.89988358556461
2021-05-15 02:45:00,CAN_LAB,3.0,10,1,10,-0.44977511244378
2021-05-16 18:30:00,CAN_LAB,-5.0,10,1,10,-0.31426775612822
2021-05-16 22:30:00,CAN_LAB,-5.0,6,1,6,-2.87686996547756
2021-05-17 18:15:00,CAN_LAB,-5.0,20,1,10,-3.12891113892365
2021-05-18 15:15:00,CAN_LAB,2.8,3,1,3,-4.23076923076923
2021-05-19 12:00:00,CAN_LAB,5.0,10,1,10,0.0
2021-05-20 16:45:00,CAN_LAB,5.0,12,1,6,0.0
2021-05-25 00:45:00,CAN_LAB,6.0,10,1,10,4.92957746478874
2021-05-28 15:00:00,CAN_LAB,1.0,2,1,2,-4.75382003395586
2021-05-28 22:45:00,CAN_LAB,1.0,10,1,10,-2.95857988165681
2021-06-01 15:30:00,CAN_LAB,0.0,5,1,5,-4.90405117270789
2021-06-01 17:15:00,CAN_LAB,3.4,10,1,10,3.83211678832117
2021-06-01 21:15:00,CAN_LAB,0.0,6,1,6,-2.16535433070866
2021-06-02 03:45:00,CAN_LAB,2.8,4,1,4,1.36612021857924
2021-06-03 10:45:00,CAN_LAB,3.4,5,1,5,5.62390158172232
2021-06-03 23:30:00,CAN_LAB,1.0,10,1,10,-0.67796610169492
2021-06-04 02:30:00,CAN_LAB,7.0,3,1,3,1.52091254752852
2021-06-06 17:30:00,CAN_LAB,2.8,2,1,2,7.23562152133581
2021-06-08 22:15:00,CAN_LAB,1.0,2,1,2,0.81743869209809
2021-06-10 11:15:00,CAN_LAB,0.0,2,1,2,0.2020202020202
2021-06-10 16:00:00,CAN_LAB,5.0,6,1,6,-1.00502512562814
2021-06-10 17:15:00,CAN_LAB,4.0,4,1,4,-2.54545454545454
2021-06-14 11:30:00,CAN_LAB,-2.0,4,1,4,-2.66990291262136
2021-06-14 16:15:00,CAN_LAB,3.4,2,1,2,-5.36193029490617
2021-06-15 17:00:00,CAN_LAB,1.9,10,1,10,-1.3215859030837
2021-06-16 17:30:00,CAN_LAB,-2.0,3,1,3,2.00803212851406
2021-06-16 21:00:00,CAN_LAB,3.4,2,1,2,4.46224256292906
2021-06-17 12:30:00,CAN_LAB,3.4,1,1,1,3.80403458213256
2021-06-17 15:45:00,CAN_LAB,0.0,5,1,5,-0.60301507537689
2021-06-18 14:15:00,CAN_LAB,0.0,5,1,5,-0.61855670103093
2021-06-21 01:45:00,CAN_LAB,-4.4,6,1,6,-0.664451827242519
2021-06-26 07:15:00,CAN_LAB,4.0,5,1,5,-0.34722222222222
2021-06-27 23:00:00,CAN_LAB,3.4,3,1,3,0.32051282051282
2021-06-30 02:45:00,CAN_LAB,3.4,6,1,6,0.0
2021-06-30 11:45:00,CAN_LAB,4.0,10,1,10,2.92887029288703
2021-07-01 15:00:00,CAN_LAB,-0.4,10,1,10,0.0
2021-07-01 15:30:00,CAN_LAB,-0.4,10,1,10,0.35523978685613
2021-07-02 00:00:00,CAN_LAB,-7.0,4,1,4,-3.50672121566336
2021-07-06 18:00:00,CAN_LAB,1.9,10,1,10,0.13351134846462
2021-07-08 18:45:00,CAN_LAB,-4.0,4,1,4,-0.42134831460674
2021-07-08 19:30:00,CAN_LAB,4.0,8,1,8,3.33333333333333
2021-07-12 11:30:00,CAN_LAB,4.0,2,1,2,0.75821398483572
2021-07-13 21:30:00,CAN_LAB,3.0,2,1,2,-2.33463035019456
2021-07-14 02:15:00,CAN_LAB,3.4,10,1,10,-0.26109660574413
2021-07-22 09:00:00,CAN_LAB,3.4,2,1,2,-1.82054616384916
2021-07-23 22:45:00,CAN_LAB,-0.4,4,1,4,-2.6
2021-07-27 17:00:00,CAN_LAB,0.0,5,1,5,0.0
2021-07-28 10:00:00,CAN_LAB,1.9,4,1,4,-1.72711571675302
2021-07-29 14:30:00,CAN_LAB,3.4,5,1,5,6.95266272189349
2021-07-29 16:30:00,CAN_LAB,7.0,1,1,1,2.4390243902439
2021-07-29 22:30:00,CAN_LAB,0.4,1,1,1,-2.25563909774436
2021-08-05 00:45:00,CAN_LAB,-10.0,5,1,5,0.0
2021-08-05 01:00:00,CAN_LAB,0.0,5,1,5,0.24390243902439
2021-08-05 12:30:00,CAN_LAB,3.4,5,1,5,-1.22324159021407
2021-08-05 20:45:00,CAN_LAB,3.0,10,1,10,-1.50753768844221
2021-08-11 17:30:00,CAN_LAB,3.0,6,1,6,-2.82776349614396
2021-08-11 20:30:00,CAN_LAB,1.9,8,1,8,-3.01204819277108
2021-08-12 05:15:00,CAN_LAB,3.0,10,1,10,-1.75438596491228
2021-08-12 14:00:00,CAN_LAB,0.0,3,1,3,-3.04356889722743
2021-08-18 14:15:00,CAN_LAB,3.0,4,1,4,-0.75853350189633
2021-08-18 18:15:00,CAN_LAB,0.0,10,1,10,-1.08892921960073
2021-08-19 16:00:00,CAN_LAB,7.0,6,1,6,-0.92165898617512
2021-08-20 08:15:00,CAN_LAB,3.4,1,1,1,1.50602409638554
2021-08-20 12:45:00,CAN_LAB,0.0,1,1,1,-0.88676671214188
2021-08-20 21:30:00,CAN_LAB,4.0,2,1,2,-2.07468879668049
2021-08-21 00:15:00,CAN_LAB,3.0,6,1,6,-0.96952908587258
2021-08-21 02:00:00,CAN_LAB,4.0,2,1,2,-3.74149659863946
2021-08-21 03:45:00,CAN_LAB,-5.0,4,1,4,0.25706940874036
2021-08-21 20:00:00,CAN_LAB,3.0,6,2,6,0.31120331950208
2021-08-23 19:15:00,CAN_LAB,3.4,6,1,6,1.41843971631205
2021-08-23 19:45:00,CAN_LAB,3.4,6,1,6,1.13350125944584
2021-08-23 22:30:00,CAN_LAB,3.4,6,1,6,1.13493064312736
2021-08-23 22:45:00,CAN_LAB,3.4,6,1,6,1.13207547169811
2021-08-24 19:30:00,CAN_LAB,3.0,2,1,2,-1.53203342618384
2021-08-25 16:15:00,CAN_LAB,3.0,10,1,10,-0.7936507936508
2021-08-26 04:15:00,CAN_LAB,-4.0,2,1,2,-6.55509065550907
2021-08-26 22:15:00,CAN_LAB,3.0,8,1,8,-3.07377049180328
2021-08-27 00:30:00,CAN_LAB,3.0,3,1,3,-0.64205457463884
2021-08-27 19:15:00,CAN_LAB,4.0,5,1,5,0.39473684210526
2021-08-28 14:30:00,CAN_LAB,3.4,10,1,10,1.26182965299684
2021-08-30 20:45:00,CAN_LAB,7.0,1,1,1,3.29218106995885
2021-08-31 17:45:00,CAN_LAB,3.0,6,1,6,0.8327024981075
2021-08-31 22:30:00,CAN_LAB,1.9,10,1,10,1.03806228373702
2021-08-31 23:30:00,CAN_LAB,1.9,3,1,3,0.19685039370079
2021-09-01 23:30:00,CAN_LAB,1.9,3,1,3,0.19685039370079
2021-09-02 21:45:00,CAN_LAB,-5.0,6,1,6,1.96319018404908
2021-09-02 22:00:00,CAN_LAB,-5.0,3,1,3,1.95838433292534
2021-09-02 22:45:00,CAN_LAB,3.0,10,1,10,-0.268096514745308
2021-09-02 23:30:00,CAN_LAB,-5.0,3,1,3,1.96078431372549
2021-09-02 23:45:00,CAN_LAB,-5.0,3,1,3,1.96319018404908
2021-09-03 01:45:00,CAN_LAB,-9.2,2,1,2,-3.22147651006711
2021-09-03 02:15:00,CAN_LAB,3.0,10,1,10,-0.268456375838927
2021-09-03 12:45:00,CAN_LAB,-5.0,3,1,3,1.98757763975156
2021-09-03 17:15:00,CAN_LAB,-7.0,10,1,10,-0.46296296296296
2021-09-03 21:45:00,CAN_LAB,-2.0,5,1,5,-4.58015267175572
2021-09-04 02:15:00,CAN_LAB,-2.0,5,1,5,-4.58015267175572
2021-09-04 04:45:00,CAN_LAB,3.0,10,1,10,0.77922077922078
2021-09-05 18:30:00,CAN_LAB,3.4,10,1,10,4.19580419580419
2021-09-07 03:00:00,CAN_LAB,3.4,4,1,4,1.43442622950819
2021-09-07 13:45:00,CAN_LAB,3.0,6,1,6,-2.29838709677419
2021-09-07 19:45:00,CAN_LAB,-2.0,15,3,15,-4.37580437580438
2021-09-08 19:45:00,CAN_LAB,7.0,10,1,10,2.51572327044025
2021-09-09 16:00:00,CAN_LAB,7.0,2,1,2,-2.60223048327138
2021-09-10 07:00:00,CAN_LAB,-2.0,6,1,6,-4.17021276595744
2021-09-10 22:45:00,CAN_LAB,3.0,10,1,10,2.83553875236294
2021-09-11 04:00:00,CAN_LAB,3.4,3,1,3,-2.54545454545455
2021-09-13 10:00:00,CAN_LAB,3.4,6,1,5,-1.97433366238894
2021-09-13 19:15:00,CAN_LAB,0.0,6,1,6,-2.2883295194508
2021-09-13 22:30:00,CAN_LAB,0.0,6,1,6,-2.5
2021-09-14 00:00:00,CAN_LAB,0.0,2,1,2,-5.68927789934355
2021-09-14 01:30:00,CAN_LAB,2.8,6,1,6,-6.69693530079455
2021-09-14 12:00:00,CAN_LAB,0.0,10,1,10,-4.46428571428572
2021-09-15 11:30:00,CAN_LAB,6.0,6,1,6,0.0
2021-09-17 02:00:00,CAN_LAB,3.0,10,1,10,3.24189526184538
2021-09-17 19:30:00,CAN_LAB,-2.0,8,1,8,-0.42918454935622
2021-09-20 09:15:00,CAN_LAB,-5.0,10,1,10,-1.13944655453065
2021-09-20 21:30:00,CAN_LAB,7.0,6,1,6,-2.52100840336134
2021-09-21 06:15:00,CAN_LAB,0.0,10,1,10,-2.37918215613383
2021-09-22 15:30:00,CAN_LAB,3.4,5,1,5,1.66666666666666
2021-09-27 16:30:00,CAN_LAB,4.0,10,1,10,4.12371134020619
2021-09-27 20:45:00,CAN_LAB,7.0,3,1,3,2.17391304347826
2021-09-27 21:30:00,CAN_LAB,4.0,10,1,10,3.72670807453416
2021-09-27 22:00:00,CAN_LAB,7.0,3,1,3,0.0
2021-09-28 13:00:00,CAN_LAB,0.0,6,1,6,0.0
2021-09-28 15:30:00,CAN_LAB,1.9,1,1,1,0.22522522522523
2021-09-28 17:15:00,CAN_LAB,4.0,4,1,4,-1.96428571428571
2021-09-28 17:30:00,CAN_LAB,3.4,1,1,1,-3.91993327773144
2021-09-28 21:45:00,CAN_LAB,0.0,1,1,1,-3.48360655737705
2021-09-30 17:00:00,CAN_LAB,0.0,4,1,2,1.35021097046414
2021-10-01 11:45:00,CAN_LAB,-0.4,12,1,6,-1.86170212765957
2021-10-02 18:00:00,CAN_LAB,7.0,1,1,1,-5.35714285714286
2021-10-04 16:15:00,CAN_LAB,7.0,6,1,6,1.69014084507042
2021-10-04 23:00:00,CAN_LAB,-0.4,5,1,5,-1.31004366812227
2021-10-05 00:00:00,CAN_LAB,7.0,3,1,3,1.51515151515152
2021-10-06 13:30:00,CAN_LAB,4.0,10,1,10,-1.09739368998628
2021-10-06 14:15:00,CAN_LAB,4.0,6,1,6,-3.38983050847458
2021-10-06 21:30:00,CAN_LAB,0.0,6,1,6,-1.26903553299492
2021-10-07 03:45:00,CAN_LAB,3.0,10,1,10,-3.8235294117647
2021-10-12 19:45:00,CAN_LAB,6.0,2,1,2,2.8
2021-10-14 18:00:00,CAN_LAB,3.4,2,1,2,-3.13725490196078
2021-10-16 08:45:00,CAN_LAB,3.0,4,1,4,-2.79503105590062
2021-10-16 20:30:00,CAN_LAB,7.0,1,1,1,-1.15340253748558
2021-10-18 14:00:00,CAN_LAB,0.0,1,1,1,6.08695652173913
2021-10-19 12:15:00,CAN_LAB,-0.4,6,1,6,0.36330608537693
2021-10-20 18:45:00,CAN_LAB,0.0,8,1,8,2.16606498194946
2021-10-20 23:45:00,CAN_LAB,-4.4,1,1,1,-5.36912751677852
2021-10-21 02:00:00,CAN_LAB,3.0,6,1,6,-2.30263157894737
2021-10-21 13:45:00,CAN_LAB,7.0,10,1,10,-0.60168471720818
2021-10-22 17:30:00,CAN_LAB,3.0,2,1,2,-3.4090909090909
2021-10-22 21:45:00,CAN_LAB,7.0,10,1,10,-0.58139534883721
2021-10-22 23:15:00,CAN_LAB,0.95,21,2,21,-2.3133985322322457
2021-10-23 06:15:00,CAN_LAB,-5.0,3,1,3,2.0
2021-10-23 12:45:00,CAN_LAB,5.2,10,1,10,-1.86046511627907
2021-10-25 06:15:00,CAN_LAB,-6.5,6,1,6,-2.24887556221889
2021-10-26 05:00:00,CAN_LAB,3.0,6,1,6,-0.53050397877985
2021-10-26 08:45:00,CAN_LAB,3.4,2,1,2,-1.14226375908619
2021-10-26 16:45:00,CAN_LAB,3.0,5,1,5,-3.42105263157895
2021-10-26 21:30:00,CAN_LAB,1.9,5,1,5,5.47263681592039
2021-10-27 03:30:00,CAN_LAB,0.0,3,1,3,-3.42465753424658
2021-10-28 00:30:00,CAN_LAB,0.0,2,1,2,1.65413533834586
2021-10-28 18:00:00,CAN_LAB,0.0,3,1,3,-2.32974910394265
2021-10-29 01:30:00,CAN_LAB,0.0,10,1,10,-2.21729490022173
2021-11-01 15:30:00,CAN_LAB,7.0,2,1,2,-0.38535645472062
2021-11-02 05:30:00,CAN_LAB,3.4,10,1,10,-0.17730496453901
2021-11-03 16:15:00,CAN_LAB,6.0,10,1,10,1.44927536231884
2021-11-03 17:00:00,CAN_LAB,3.0,10,1,10,1.04895104895105
2021-11-03 17:45:00,CAN_LAB,0.0,2,1,2,-3.52664576802508
2021-11-03 22:30:00,CAN_LAB,-2.0,5,1,5,0.24968789013733
2021-11-04 23:45:00,CAN_LAB,-5.0,10,1,10,0.22779043280182
2021-11-05 14:45:00,CAN_LAB,3.4,1,1,1,-2.25385527876631
2021-11-06 11:30:00,CAN_LAB,-10.0,10,1,10,2.59740259740259
2021-11-08 18:00:00,CAN_LAB,-9.0,4,1,4,-3.84615384615385
2021-11-09 04:00:00,CAN_LAB,3.0,5,1,5,0.0
2021-11-09 20:15:00,CAN_LAB,-2.0,10,1,10,-2.16216216216216
2021-11-13 01:00:00,CAN_LAB,4.0,20,2,20,-1.84903796843245
2021-11-14 13:00:00,CAN_LAB,0.0,5,1,5,0.93085106382979
2021-11-15 18:45:00,CAN_LAB,4.0,3,1,3,-0.24271844660194
2021-11-16 19:00:00,CAN_LAB,1.0,2,1,2,-0.2127659574468
2021-11-18 18:45:00,CAN_LAB,-2.0,10,1,10,2.04081632653062
2021-11-22 14:45:00,CAN_LAB,7.0,2,1,2,-1.95804195804196
2021-11-22 22:00:00,CAN_LAB,4.0,4,1,4,-4.61095100864553
2021-11-24 03:00:00,CAN_LAB,-0.4,8,1,8,-1.75718849840255
2021-11-25 01:45:00,CAN_LAB,4.0,2,1,2,-5.04201680672269
2021-11-25 15:00:00,CAN_LAB,-2.0,1,1,1,-3.36134453781513
2021-11-25 19:45:00,CAN_LAB,1.9,2,1,2,-2.53456221198157
2021-11-26 07:00:00,CAN_LAB,-4.0,12,1,6,-4.17721518987342
2021-11-26 19:30:00,CAN_LAB,8.0,3,1,3,-0.88495575221239
2021-11-26 23:15:00,CAN_LAB,4.0,6,1,6,0.0
2021-11-29 00:15:00,CAN_LAB,4.0,6,1,6,-3.67775831873906
2021-11-29 21:45:00,CAN_LAB,1.0,10,1,10,2.75650842266462
2021-11-30 02:00:00,CAN_LAB,0.4,7,1,7,-3.14285714285714
2021-11-30 17:30:00,CAN_LAB,-5.0,10,1,10,2.57510729613734
2021-12-01 00:45:00,CAN_LAB,3.0,10,1,10,5.64102564102564
2021-12-01 20:00:00,CAN_LAB,8.0,8,1,8,-1.53609831029186
2021-12-01 21:30:00,CAN_LAB,0.0,2,1,2,-2.5062656641604
2021-12-03 04:00:00,CAN_LAB,0.0,8,1,4,1.02669404517454
2021-12-03 16:30:00,CAN_LAB,-6.5,4,1,4,-0.83160083160083
2021-12-04 01:00:00,CAN_LAB,0.0,5,1,5,-2.28384991843393
2021-12-04 04:45:00,CAN_LAB,3.4,6,1,6,-2.29357798165138
2021-12-06 14:00:00,CAN_LAB,1.0,2,1,2,-2.31660231660232
2021-12-07 13:30:00,CAN_LAB,0.0,10,1,10,-1.94805194805195
2021-12-10 22:00:00,CAN_LAB,-5.0,5,1,5,-7.78443113772455
2021-12-12 03:15:00,CAN_LAB,-5.0,5,1,5,-7.78443113772455
2021-12-13 09:30:00,CAN_LAB,7.0,3,1,3,-3.14547837483618
2021-12-14 00:30:00,CAN_LAB,2.8,7,1,7,0.0
2021-12-15 19:15:00,CAN_LAB,-5.0,6,1,6,-4.67032967032967
2021-12-16 15:30:00,CAN_LAB,7.0,5,1,5,4.76190476190476
2021-12-22 18:00:00,CAN_LAB,3.5,10,1,10,0.62893081761006
2021-12-23 05:15:00,CAN_LAB,3.4,2,1,2,-0.92497430626927
2021-12-23 05:45:00,CAN_LAB,4.0,5,1,5,-2.63157894736842
2021-12-24 17:15:00,CAN_LAB,4.0,5,1,5,-0.35778175313059
2021-12-24 20:15:00,CAN_LAB,2.8,10,1,10,2.76923076923077
2021-12-26 08:45:00,CAN_LAB,-4.0,2,1,2,-5.52519732847602
2021-12-26 09:15:00,CAN_LAB,-4.0,2,1,2,-5.22347872913301
2021-12-28 21:15:00,CAN_LAB,1.9,2,1,2,0.5338078291815
2021-12-30 22:15:00,CAN_LAB,-4.0,2,1,2,1.70648464163822
2021-12-31 17:15:00,CAN_LAB,-4.0,2,1,2,1.65016501650165
2022-01-01 02:00:00,CAN_LAB,-4.0,2,1,2,1.74825174825174
2022-01-01 13:00:00,CAN_LAB,1.9,2,1,2,-0.81743869209809
2022-01-01 20:00:00,CAN_LAB,1.9,2,1,2,-0.48192771084338
2022-01-05 22:45:00,CAN_LAB,4.0,4,1,4,-0.97560975609756
2022-01-07 00:00:00,CAN_LAB,3.0,10,1,10,-3.87596899224806
2022-01-07 12:30:00,CAN_LAB,3.4,6,1,6,-0.21834061135371
2022-01-08 10:00:00,CAN_LAB,4.0,10,1,10,-3.61663652802893
2022-01-09 21:00:00,CAN_LAB,0.0,3,1,3,-1.91637630662021
2022-01-11 19:30:00,CAN_LAB,0.75,16,2,16,-0.1953125
2022-01-12 20:30:00,CAN_LAB,4.0,6,1,6,3.6319612590799
2022-01-13 17:15:00,CAN_LAB,-10.0,10,1,10,-4.14971521562245
2022-01-13 22:45:00,CAN_LAB,-0.4,10,1,10,-2.97029702970297
2022-01-14 22:30:00,CAN_LAB,7.0,10,1,10,6.20689655172414
2022-01-14 23:30:00,CAN_LAB,3.0,4,1,4,0.8
2022-01-15 02:00:00,CAN_LAB,3.0,10,1,10,-0.87145969498911
2022-01-15 16:15:00,CAN_LAB,3.4,4,1,4,1.43884892086331
2022-01-20 15:45:00,CAN_LAB,-4.0,6,1,6,-2.38500851788756
2022-01-20 18:45:00,CAN_LAB,7.0,5,1,5,-0.46728971962617
2022-01-20 23:15:00,CAN_LAB,1.0,12,2,12,0.64205457463885
2022-01-21 00:30:00,CAN_LAB,-2.0,10,1,10,-2.76548672566372
2022-01-21 19:45:00,CAN_LAB,0.0,6,1,6,-1.00502512562815
2022-01-21 20:45:00,CAN_LAB,-0.4,6,1,6,-0.87976539589442
2022-01-26 01:15:00,CAN_LAB,1.9,4,1,4,-3.54166666666667
2022-01-26 14:45:00,CAN_LAB,1.9,2,1,2,-3.63070539419087
2022-01-27 21:00:00,CAN_LAB,0.0,1,1,1,-5.88235294117647
2022-01-27 23:00:00,CAN_LAB,3.4,4,1,4,4.82758620689655
2022-01-28 00:00:00,CAN_LAB,3.0,10,1,10,-1.7304189435337
2022-01-28 03:45:00,CAN_LAB,3.4,4,1,4,4.95049504950495
2022-01-28 11:00:00,CAN_LAB,0.0,4,1,4,-6.2992125984252
2022-02-02 07:15:00,CAN_LAB,3.4,1,1,1,-5.04587155963302
2022-02-05 01:00:00,CAN_LAB,1.9,2,1,2,0.5499541704858
2022-02-05 19:45:00,CAN_LAB,-6.5,7,1,7,-8.54838709677419
2022-02-06 15:00:00,CAN_LAB,-10.0,10,1,10,-9.92366412213742
2022-02-08 01:15:00,CAN_LAB,0.0,3,1,3,-8.62068965517241
2022-02-08 02:30:00,CAN_LAB,-4.0,1,1,1,-2.62321144674085
2022-02-09 02:45:00,CAN_LAB,-2.0,2,1,2,-4.6908315565032
2022-02-11 15:00:00,CAN_LAB,5.0,10,1,10,-0.36563071297989
2022-02-16 04:30:00,CAN_LAB,2.8,2,1,2,-4.03899721448468
2022-02-16 22:30:00,CAN_LAB,-2.0,1,1,1,-4.6908315565032
2022-02-19 09:15:00,CAN_LAB,-2.0,6,1,6,-5.10610079575596
2022-02-24 10:00:00,CAN_LAB,-2.0,6,1,6,-0.791556728232187
2022-02-24 19:45:00,CAN_LAB,-2.0,8,1,8,-6.03174603174606
2022-02-25 20:30:00,CAN_LAB,3.4,3,1,3,3.59281437125748
2022-02-26 02:30:00,CAN_LAB,-2.0,8,1,8,-9.57446808510641
2022-02-26 09:45:00,CAN_LAB,0.0,10,1,10,-4.96575342465753
2022-02-28 13:30:00,CAN_LAB,-2.0,5,1,5,-3.15789473684211
2022-03-01 21:30:00,CAN_LAB,1.9,6,1,6,-0.56285178236398
2022-03-03 20:00:00,CAN_LAB,3.0,2,1,2,-1.1889035667107
2022-03-05 00:30:00,CAN_LAB,7.0,10,1,10,0.32258064516129
2022-03-07 18:15:00,CAN_LAB,1.9,3,1,3,3.06306306306306
2022-03-08 12:30:00,CAN_LAB,0.0,4,1,4,0.86580086580087
2022-03-08 19:15:00,CAN_LAB,3.4,3,1,3,-0.49261083743842
2022-03-10 23:45:00,CAN_LAB,0.0,10,1,10,-1.82341650671785
2022-03-11 10:15:00,CAN_LAB,1.9,8,1,8,0.84541062801933
2022-03-18 22:30:00,CAN_LAB,-2.0,8,2,8,-0.631745120551095
2022-03-19 00:30:00,CAN_LAB,-0.05,8,2,8,-1.75511453051233
2022-03-21 15:45:00,CAN_LAB,1.9,6,1,6,0.18796992481203
2022-03-22 03:00:00,CAN_LAB,5.2,10,1,10,0.0
2022-03-22 17:00:00,CAN_LAB,3.0,10,1,10,-3.8560411311054
2022-03-23 21:00:00,CAN_LAB,-10.0,2,1,2,2.40240240240241
2022-03-25 22:15:00,CAN_LAB,7.4,10,1,10,3.78548895899053
2022-03-26 07:15:00,CAN_LAB,3.0,2,1,2,2.11864406779661
2022-03-30 04:45:00,CAN_LAB,-2.0,6,1,6,-6.33451957295374
2022-04-01 21:30:00,CAN_LAB,-2.0,10,1,10,-0.702576112412181
2022-04-02 00:30:00,CAN_LAB,-10.0,10,1,10,-5.35714285714285
2022-04-02 01:45:00,CAN_LAB,7.0,4,1,2,-2.74509803921568
2022-04-04 10:30:00,CAN_LAB,4.0,6,1,6,-2.10111621799081
2022-04-04 16:00:00,CAN_LAB,3.5,10,1,10,1.44329896907216
2022-04-08 12:30:00,CAN_LAB,0.0,2,1,2,1.49625935162094
2022-04-11 16:30:00,CAN_LAB,4.0,4,1,4,0.46189376443418
2022-04-12 14:15:00,CAN_LAB,-2.0,2,1,2,-1.80859080633007
2022-04-13 02:15:00,CAN_LAB,7.4,4,1,4,-10.1010101010101
2022-04-14 01:45:00,CAN_LAB,-9.5,6,1,6,0.544464609800362
2022-04-15 16:45:00,CAN_LAB,2.8,8,1,5,2.49520153550864
2022-04-17 22:45:00,CAN_LAB,7.4,10,1,10,1.93050193050193
2022-04-18 01:15:00,CAN_LAB,7.4,20,2,20,1.93050193050193
2022-04-18 23:00:00,CAN_LAB,7.0,6,1,6,0.13422818791946
2022-04-19 15:15:00,CAN_LAB,3.4,7,1,7,3.88170055452865
2022-04-20 18:45:00,CAN_LAB,3.4,7,1,7,3.95136778115502
2022-04-22 22:15:00,CAN_LAB,3.4,10,1,10,0.26455026455027
2022-04-24 13:15:00,CAN_LAB,-5.0,1,1,1,-5.18867924528304
2022-04-24 18:00:00,CAN_LAB,4.0,10,1,10,5.95238095238096
2022-04-25 04:00:00,CAN_LAB,-9.5,6,1,6,-1.6267942583732
2022-04-25 18:30:00,CAN_LAB,3.0,10,1,10,3.83647798742139
2022-04-26 12:00:00,CAN_LAB,0.0,4,1,4,-5.87102983638113
2022-04-28 16:00:00,CAN_LAB,3.4,10,1,10,-3.51351351351352
2022-04-28 17:15:00,CAN_LAB,3.4,10,1,10,0.68027210884354
2022-04-28 20:00:00,CAN_LAB,3.0,10,1,10,-2.74809160305343
2022-04-29 01:45:00,CAN_LAB,3.4,6,1,6,-4.375
2022-04-29 17:45:00,CAN_LAB,4.0,2,1,2,0.96618357487923
2022-05-03 17:00:00,CAN_LAB,1.9,12,1,12,0.5730659025788
2022-05-03 22:00:00,CAN_LAB,1.9,4,1,4,0.65789473684211
2022-05-04 03:00:00,CAN_LAB,1.9,4,1,4,0.66050198150594
2022-05-04 16:30:00,CAN_LAB,-6.5,2,1,2,-2.10280373831776
2022-05-06 23:15:00,CAN_LAB,3.5,5,1,5,0.22172949002217
2022-05-07 17:00:00,CAN_LAB,4.0,10,1,10,5.03685503685503
2022-05-10 19:45:00,CAN_LAB,7.4,1,1,1,-1.67464114832536
2022-05-11 21:00:00,CAN_LAB,0.4,1,1,1,3.28102710413695
2022-05-12 09:30:00,CAN_LAB,0.0,5,1,5,0.37950664136623
2022-05-12 20:00:00,CAN_LAB,7.0,2,1,2,4.71204188481675
2022-05-16 14:30:00,CAN_LAB,3.0,4,1,4,-3.65566037735849
2022-05-16 17:00:00,CAN_LAB,-0.3,5,1,5,-4.97803806734993
2022-05-17 19:30:00,CAN_LAB,3.0,4,1,4,-4.43722943722944
2022-05-20 16:15:00,CAN_LAB,3.4,6,1,6,5.55555555555556
2022-05-21 20:30:00,CAN_LAB,7.0,1,1,1,-4.7713717693837
2022-05-26 00:45:00,CAN_LAB,3.4,18,2,18,0.0029303456831104
2022-05-26 12:15:00,CAN_LAB,2.8,20,2,20,5.98542774822695
2022-05-27 07:30:00,CAN_LAB,-10.0,1,1,1,-3.91061452513967
2022-05-27 16:30:00,CAN_LAB,0.4,2,1,2,-1.14122681883024
2022-05-29 12:30:00,CAN_LAB,4.0,10,1,10,-9.43396226415091
2022-05-30 16:45:00,CAN_LAB,3.0,3,1,3,-3.54691075514874
2022-06-02 19:15:00,CAN_LAB,1.0,10,1,10,0.418410041841002
2022-06-03 00:45:00,CAN_LAB,1.0,10,1,10,-0.86035737921906
2022-06-03 18:00:00,CAN_LAB,3.0,2,1,2,-2.14489990467112
2022-06-06 06:30:00,CAN_LAB,-9.0,2,1,2,-2.57958287596049
2022-06-06 20:15:00,CAN_LAB,3.4,10,1,10,-1.99637023593466
2022-06-09 13:30:00,CAN_LAB,-6.0,8,2,8,-5.348715070937296
2022-06-10 09:15:00,CAN_LAB,-10.0,2,1,2,-5.19031141868512
2022-06-11 02:45:00,CAN_LAB,3.0,10,1,10,-5.19480519480519
2022-06-11 23:15:00,CAN_LAB,3.4,2,1,2,4.14364640883978
2022-06-12 00:30:00,CAN_LAB,3.4,2,1,2,4.10958904109589
2022-06-13 20:45:00,CAN_LAB,-10.0,2,1,2,-3.55677154582763
2022-06-14 01:30:00,CAN_LAB,-10.0,2,1,2,-3.33024976873265
2022-06-14 13:00:00,CAN_LAB,1.0,2,1,2,4.94845360824743
2022-06-15 19:45:00,CAN_LAB,4.0,5,1,5,3.47322720694646
2022-06-20 10:45:00,CAN_LAB,3.4,3,1,3,-3.46420323325635
2022-06-20 19:45:00,CAN_LAB,-4.0,2,1,2,-2.21130221130221
2022-06-24 18:15:00,CAN_LAB,-6.5,2,1,2,-2.41286863270778
2022-06-28 15:30:00,CAN_LAB,3.0,6,1,6,1.12721417069243
2022-06-28 16:00:00,CAN_LAB,8.0,10,1,10,4.20560747663551
2022-06-29 07:30:00,CAN_LAB,7.0,10,1,10,2.54314259763851
2022-07-05 21:30:00,CAN_LAB,1.9,4,1,4,1.90217391304348
2022-07-12 01:15:00,CAN_LAB,-7.0,6,1,6,5.39419087136929
2022-07-12 01:30:00,CAN_LAB,3.5,6,1,6,-1.34498991257565
2022-07-12 21:45:00,CAN_LAB,3.0,10,1,10,0.58309037900875
2022-07-12 23:00:00,CAN_LAB,7.0,5,1,5,3.44827586206896
2022-07-15 19:00:00,CAN_LAB,5.0,1,1,1,-6.88622754491018
2022-07-15 21:45:00,CAN_LAB,5.0,1,1,1,-6.85358255451713
2022-07-16 00:15:00,CAN_LAB,5.0,2,2,2,-6.99320733792339
2022-07-16 06:45:00,CAN_LAB,5.0,1,1,1,-7.69230769230769
2022-07-16 07:45:00,CAN_LAB,5.0,1,1,1,-7.12074303405573
2022-07-16 09:30:00,CAN_LAB,5.0,1,1,1,-2.37580993520519
2022-07-16 15:00:00,CAN_LAB,0.0,6,1,6,-1.40515222482436
2022-07-16 18:15:00,CAN_LAB,3.4,4,1,4,2.19966159052454
2022-07-20 21:45:00,CAN_LAB,-7.0,6,1,6,-3.78787878787878
2022-07-21 21:45:00,CAN_LAB,-0.5,8,2,8,2.0186115130365647
2022-07-22 15:00:00,CAN_LAB,7.0,6,1,6,0.0
2022-07-24 13:45:00,CAN_LAB,-5.0,10,1,10,1.13350125944584
2022-07-25 02:30:00,CAN_LAB,4.0,8,1,8,-1.25786163522012
2022-07-27 20:00:00,CAN_LAB,5.0,2,1,2,-7.29613733905579
2022-07-28 01:15:00,CAN_LAB,5.0,2,1,2,-7.26495726495726
2022-07-28 17:45:00,CAN_LAB,-5.0,10,1,10,-9.64912280701756
2022-07-28 18:00:00,CAN_LAB,-5.0,10,1,10,-9.40170940170944
2022-07-28 22:45:00,CAN_LAB,3.0,5,1,5,-1.98675496688741
2022-08-01 23:15:00,CAN_LAB,0.0,2,1,2,-1.65562913907285
2022-08-02 00:30:00,CAN_LAB,0.0,2,1,2,-1.64473684210526
2022-08-03 01:30:00,CAN_LAB,0.0,2,1,2,-1.64473684210526
2022-08-10 21:30:00,CAN_LAB,0.0,2,1,2,-1.74563591022443
2022-08-10 22:30:00,CAN_LAB,0.0,4,1,4,-1.09289617486338
2022-08-11 16:30:00,CAN_LAB,8.0,10,1,10,-4.34782608695652
2022-08-12 00:15:00,CAN_LAB,0.0,1,1,1,-2.30496453900709
2022-08-16 02:15:00,CAN_LAB,-2.0,8,1,8,-0.56772100567721
2022-08-18 12:45:00,CAN_LAB,-2.0,10,1,10,-2.14998720245713
2022-08-19 15:30:00,CAN_LAB,0.0,1,1,1,0.32188841201717
2022-08-19 21:45:00,CAN_LAB,-2.0,10,1,10,-2.45014245014245
2022-08-22 11:15:00,CAN_LAB,3.4,2,1,2,-3.40909090909091
2022-08-25 02:00:00,CAN_LAB,-5.0,8,1,8,-3.5377358490566
2022-08-25 13:45:00,CAN_LAB,-2.0,10,1,10,-5.42005420054201
2022-08-26 15:00:00,CAN_LAB,3.0,10,1,10,-3.03951367781155
2022-08-26 15:45:00,CAN_LAB,3.0,8,1,8,-2.60492040520984
2022-08-26 23:15:00,CAN_LAB,3.0,2,1,2,0.428265524625265
2022-08-28 04:30:00,CAN_LAB,7.0,1,1,1,4.7008547008547
2022-08-29 17:45:00,CAN_LAB,-2.0,5,1,5,-1.14503816793893
2022-08-29 22:15:00,CAN_LAB,-6.5,2,1,2,-3.4375
2022-09-02 23:15:00,CAN_LAB,-5.0,10,1,10,-3.43980343980344
2022-09-06 04:45:00,CAN_LAB,-5.0,2,1,2,-8.40978593272174
2022-09-06 16:45:00,CAN_LAB,-9.0,4,1,4,-14.7058823529412
2022-09-07 19:00:00,CAN_LAB,4.0,4,1,4,-3.84615384615384
2022-09-08 03:30:00,CAN_LAB,5.2,3,1,3,-6.20155038759694
2022-09-09 23:45:00,CAN_LAB,4.0,4,1,4,3.29670329670329
2022-09-13 18:30:00,CAN_LAB,1.0,2,1,2,1.78997613365155
2022-09-14 09:00:00,CAN_LAB,3.4,1,1,1,-1.75438596491228
2022-09-14 22:00:00,CAN_LAB,-5.0,10,1,10,-5.80431177446103
2022-09-15 17:45:00,CAN_LAB,4.0,8,1,8,-3.21100917431192
2022-09-18 16:30:00,CAN_LAB,3.0,6,1,6,-3.72168284789644
2022-09-18 23:30:00,CAN_LAB,3.0,3,1,3,-2.73037542662116
2022-09-19 00:15:00,CAN_LAB,3.0,3,1,3,-2.73348519362187
2022-09-19 17:30:00,CAN_LAB,-2.0,5,1,5,-3.3966033966034
2022-09-24 18:15:00,CAN_LAB,-7.2,10,1,10,3.52941176470588
2022-09-26 23:00:00,CAN_LAB,1.0,1,1,1,-1.73812282734646
2022-09-27 17:45:00,CAN_LAB,1.0,6,1,6,0.0
2022-09-27 20:00:00,CAN_LAB,7.0,3,1,3,-4.44444444444445
2022-09-27 21:00:00,CAN_LAB,7.0,8,1,8,-5.74555403556771
2022-09-28 02:45:00,CAN_LAB,3.4,10,1,10,-0.95986038394416
2022-09-28 12:30:00,CAN_LAB,0.4,5,1,5,3.51288056206089
2022-09-30 12:45:00,CAN_LAB,7.0,8,1,8,-6.13207547169811
2022-10-03 04:30:00,CAN_LAB,0.0,6,1,6,2.51677852348993
2022-10-03 05:00:00,CAN_LAB,0.0,2,1,2,1.23820754716981
2022-10-03 10:15:00,CAN_LAB,5.0,8,1,8,1.06194690265486
2022-10-05 19:30:00,CAN_LAB,3.0,8,1,8,1.24113475177305
2022-10-06 15:45:00,CAN_LAB,4.0,10,1,10,3.58649789029536
2022-10-06 18:00:00,CAN_LAB,7.0,5,1,5,2.31481481481482
2022-10-07 20:45:00,CAN_LAB,-2.0,10,1,10,-4.03280929596719
2022-10-07 21:00:00,CAN_LAB,1.6,18,2,18,0.0420057757941699
2022-10-08 08:30:00,CAN_LAB,-2.0,10,1,10,-0.5611672278339
2022-10-08 21:30:00,CAN_LAB,1.0,6,1,6,0.29585798816568
2022-10-11 04:45:00,CAN_LAB,4.0,5,1,5,3.74149659863946
2022-10-12 10:30:00,CAN_LAB,4.0,10,1,10,2.92397660818714
2022-10-13 01:30:00,CAN_LAB,4.0,10,1,10,3.84615384615384
2022-10-17 16:15:00,CAN_LAB,1.0,5,1,5,-1.67539267015706
2022-10-17 22:00:00,CAN_LAB,-7.0,10,1,10,0.0
2022-10-18 11:00:00,CAN_LAB,-7.0,10,1,10,-1.94174757281553
2022-10-18 20:30:00,CAN_LAB,1.9,6,1,6,-0.44776119402985
2022-10-21 11:15:00,CAN_LAB,-2.0,2,1,2,-3.32954975406735
2022-10-24 21:15:00,CAN_LAB,4.0,8,1,8,1.34228187919463
2022-10-25 02:00:00,CAN_LAB,4.0,8,1,8,1.35685210312076
2022-10-26 16:00:00,CAN_LAB,0.0,2,1,2,-6.27306273062731
2022-10-27 11:15:00,CAN_LAB,3.4,2,1,2,0.20576131687243
2022-10-27 19:30:00,CAN_LAB,3.0,10,1,10,-2.58064516129032
2022-11-01 20:30:00,CAN_LAB,2.8,10,1,10,-0.154559505409591
2022-11-02 22:00:00,CAN_LAB,-6.5,5,1,5,-4.57516339869281
2022-11-04 01:30:00,CAN_LAB,3.4,2,1,2,-1.47710487444609
2022-11-04 22:30:00,CAN_LAB,-4.4,2,1,2,-3.54391371340524
2022-11-05 00:30:00,CAN_LAB,-4.4,4,1,4,-0.52631578947368
2022-11-10 16:15:00,CAN_LAB,3.0,2,1,2,-2.35294117647059
2022-11-12 21:45:00,CAN_LAB,-4.0,2,1,2,-2.29826353421859
2022-11-13 12:15:00,CAN_LAB,-6.5,2,1,2,-4.85436893203884
2022-11-14 18:45:00,CAN_LAB,-5.0,2,1,2,-8.48484848484849
2022-11-14 21:45:00,CAN_LAB,7.0,10,1,10,0.0
2022-11-15 14:30:00,CAN_LAB,-2.0,2,1,2,-4.23162583518931
2022-11-17 17:15:00,CAN_LAB,1.0,6,1,6,3.64963503649635
2022-11-18 15:00:00,CAN_LAB,5.0,4,1,4,-0.89020771513353
2022-11-19 00:15:00,CAN_LAB,1.9,10,1,10,-1.29366106080207
2022-11-19 18:30:00,CAN_LAB,5.0,6,1,6,-4.36456996148909
2022-11-21 16:15:00,CAN_LAB,7.4,10,1,10,4.32220039292731
2022-11-23 22:00:00,CAN_LAB,-2.0,3,1,3,-4.84848484848484
2022-11-23 22:15:00,CAN_LAB,-5.0,4,1,4,-1.59090909090909
2022-11-23 22:30:00,CAN_LAB,3.0,10,1,10,0.92165898617511
2022-11-24 02:30:00,CAN_LAB,3.0,2,1,2,-1.26582278481012
2022-11-25 03:30:00,CAN_LAB,1.0,2,1,2,2.38568588469185
2022-11-25 22:45:00,CAN_LAB,3.4,10,1,10,2.94117647058823
2022-11-26 00:30:00,CAN_LAB,-2.0,6,1,6,-2.36578707916288
2022-11-26 14:00:00,CAN_LAB,7.0,6,1,6,-1.36986301369863
2022-11-27 21:15:00,CAN_LAB,7.0,3,1,3,6.70208418471598
2022-11-28 18:45:00,CAN_LAB,-2.0,6,1,6,-2.36578707916288
2022-11-29 11:00:00,CAN_LAB,1.0,10,1,10,-1.08827085852479
2022-11-30 18:15:00,CAN_LAB,0.0,2,1,2,0.0
2022-11-30 22:15:00,CAN_LAB,-4.0,6,1,6,5.65217391304348
2022-12-01 20:30:00,CAN_LAB,4.0,20,1,20,-2.65957446808511
2022-12-02 01:45:00,CAN_LAB,1.0,10,1,10,-7.41279069767441
2022-12-02 02:15:00,CAN_LAB,7.0,4,1,4,-0.76923076923077
2022-12-02 16:00:00,CAN_LAB,5.2,8,2,8,1.6274118555559751
2022-12-02 16:30:00,CAN_LAB,4.0,20,2,20,-1.13425713499128
2022-12-02 23:15:00,CAN_LAB,3.5,10,1,10,1.85676392572945
2022-12-03 19:30:00,CAN_LAB,4.0,12,1,6,-2.81501340482574
2022-12-03 20:45:00,CAN_LAB,4.0,6,1,6,-2.47218788627935
2022-12-04 00:00:00,CAN_LAB,4.0,12,1,6,-2.81501340482574
2022-12-05 22:30:00,CAN_LAB,-2.0,4,1,4,-2.34833659491194
2022-12-05 23:00:00,CAN_LAB,-2.0,4,1,4,-2.4
2022-12-06 04:15:00,CAN_LAB,-2.0,4,1,4,-2.34375
2022-12-06 14:45:00,CAN_LAB,-2.0,4,1,4,-2.4
2022-12-09 18:00:00,CAN_LAB,-4.0,8,1,8,1.5
2022-12-12 09:30:00,CAN_LAB,-2.0,5,1,5,-1.32036136205698
2022-12-13 15:45:00,CAN_LAB,3.0,6,1,6,6.59793814432989
2022-12-14 12:15:00,CAN_LAB,8.0,5,1,5,-1.01010101010101
2022-12-14 20:45:00,CAN_LAB,3.5,5,1,5,-12.8205128205128
2022-12-17 02:15:00,CAN_LAB,3.0,10,1,10,0.60679611650486
2022-12-27 21:30:00,CAN_LAB,7.4,1,1,1,2.06185567010309
2022-12-29 21:00:00,CAN_LAB,-6.5,10,1,10,-0.86956521739131
2023-01-04 18:15:00,CAN_LAB,-5.0,12,1,6,2.84237726098191
2023-01-04 18:30:00,CAN_LAB,-5.0,6,1,6,3.01204819277109
2023-01-04 20:00:00,CAN_LAB,3.0,12,1,12,2.52100840336134
2023-01-04 21:30:00,CAN_LAB,3.0,6,1,6,2.40549828178695
2023-01-05 00:45:00,CAN_LAB,3.0,6,1,6,1.97869101978691
2023-01-09 17:30:00,CAN_LAB,-0.4,6,1,6,-5.23560209424084
2023-01-09 20:30:00,CAN_LAB,5.0,5,1,5,4.44049733570159
2023-01-10 22:45:00,CAN_LAB,1.0,6,1,6,1.96078431372549
2023-01-11 04:15:00,CAN_LAB,1.0,2,1,2,-7.06214689265536
2023-01-11 13:00:00,CAN_LAB,3.4,3,1,3,0.0
2023-01-12 00:00:00,CAN_LAB,-6.5,12,1,6,-0.57803468208092
2023-01-12 14:30:00,CAN_LAB,3.4,6,1,6,0.0
2023-01-13 17:15:00,CAN_LAB,2.8,7,1,7,4.79616306954437
2023-01-13 18:00:00,CAN_LAB,4.0,16,2,16,5.86026077097505
2023-01-13 20:45:00,CAN_LAB,-2.0,2,1,2,-3.34645669291338
2023-01-13 21:30:00,CAN_LAB,4.0,10,1,10,1.81818181818181
2023-01-14 01:45:00,CAN_LAB,-2.0,2,1,2,-3.42342342342342
2023-01-16 13:30:00,CAN_LAB,4.0,8,1,8,8.8
2023-01-16 17:30:00,CAN_LAB,5.0,10,1,10,4.66666666666666
2023-01-17 01:15:00,CAN_LAB,-4.4,2,1,2,-4.68029004614371
2023-01-17 08:00:00,CAN_LAB,-6.5,10,1,10,-4.82115085536548
2023-01-17 08:15:00,CAN_LAB,7.0,10,1,10,-4.30686406460296
2023-01-17 15:45:00,CAN_LAB,1.0,2,1,2,-0.50607287449393
2023-01-21 02:00:00,CAN_LAB,-2.0,10,1,10,-0.42016806722689
2023-01-22 20:30:00,CAN_LAB,5.0,4,1,4,2.75862068965517
2023-01-23 18:15:00,CAN_LAB,-2.0,10,1,10,-5.80296896086369
2023-01-25 10:30:00,CAN_LAB,3.0,10,1,10,-3.69588173178458
2023-01-26 21:45:00,CAN_LAB,-4.4,10,1,10,-7.72277227722772
2023-01-27 02:45:00,CAN_LAB,3.0,2,1,2,-2.64765784114053
2023-01-27 18:45:00,CAN_LAB,-2.0,10,1,10,-0.4296455424275
2023-01-27 23:00:00,CAN_LAB,-0.4,2,1,2,-2.68528464017186
2023-01-28 23:00:00,CAN_LAB,3.0,10,1,10,-1.75438596491228
2023-01-29 16:45:00,CAN_LAB,-0.4,2,1,2,-2.75715800636267
2023-01-30 20:30:00,CAN_LAB,7.0,3,1,3,0.447427293064879
2023-01-30 22:45:00,CAN_LAB,-0.4,2,1,2,-2.75715800636267
2023-01-31 00:30:00,CAN_LAB,3.0,2,1,2,-0.74812967581048
2023-01-31 00:45:00,CAN_LAB,-0.4,2,1,2,-2.75715800636267
2023-02-05 21:15:00,CAN_LAB,4.0,10,1,10,-3.26086956521739
2023-02-07 01:30:00,CAN_LAB,7.0,2,1,2,1.8058690744921
2023-02-07 23:00:00,CAN_LAB,4.0,3,1,3,2.08333333333333
2023-02-08 21:00:00,CAN_LAB,0.0,2,1,2,-7.36648250460405
2023-02-09 01:15:00,CAN_LAB,0.0,2,1,2,-6.3076923076923
2023-02-09 15:15:00,CAN_LAB,3.0,6,1,6,-0.33370411568409
2023-02-09 17:00:00,CAN_LAB,3.0,2,1,2,-1.24826629680998
2023-02-10 06:45:00,CAN_LAB,2.8,10,1,10,0.26666666666667
2023-02-11 19:00:00,CAN_LAB,3.0,10,1,10,-2.28571428571429
2023-02-12 10:45:00,CAN_LAB,1.9,2,1,2,-1.28913443830571
2023-02-12 12:45:00,CAN_LAB,3.0,2,1,2,-1.24309392265193
2023-02-13 01:45:00,CAN_LAB,3.0,2,1,2,-1.25523012552301
2023-02-13 22:30:00,CAN_LAB,3.0,4,1,4,1.51515151515152
2023-02-13 23:15:00,CAN_LAB,-5.0,2,1,2,0.0
2023-02-14 09:30:00,CAN_LAB,1.9,2,1,2,-0.578034682080925
2023-02-14 12:45:00,CAN_LAB,3.0,2,1,2,-0.309119010819167
2023-02-22 16:30:00,CAN_LAB,1.0,5,1,5,3.75335120643432
2023-02-23 00:45:00,CAN_LAB,1.0,1,1,1,1.81968569065343
2023-02-23 02:45:00,CAN_LAB,3.0,6,1,6,2.46913580246913
2023-02-26 21:15:00,CAN_LAB,-2.0,10,1,10,2.94450736126841
2023-02-27 20:45:00,CAN_LAB,6.0,3,2,3,-1.86785576232812
2023-02-28 01:00:00,CAN_LAB,1.9,2,1,2,-8.12324929971989
2023-02-28 12:00:00,CAN_LAB,3.0,6,1,6,-2.05198358413133
2023-03-01 20:30:00,CAN_LAB,3.0,6,1,6,-0.79051383399209
2023-03-02 02:00:00,CAN_LAB,3.0,5,1,5,3.64520048602673
2023-03-03 02:30:00,CAN_LAB,3.0,6,1,6,-2.17391304347826
2023-03-04 16:30:00,CAN_LAB,0.0,1,1,1,-2.82087447108604
2023-03-05 13:45:00,CAN_LAB,1.9,2,1,2,0.94191522762952
2023-03-07 15:45:00,CAN_LAB,-0.4,3,1,3,1.44766146993318
2023-03-17 20:45:00,CAN_LAB,-2.0,7,1,7,-0.2317880794702
2023-03-20 17:30:00,CAN_LAB,1.0,10,1,10,-0.9342079109521
2023-03-21 21:30:00,CAN_LAB,3.4,8,1,8,6.01900739176346
2023-03-22 02:15:00,CAN_LAB,3.4,5,1,5,0.85616438356164
2023-03-24 02:45:00,CAN_LAB,1.0,4,1,4,-5.68720379146919
2023-03-24 22:30:00,CAN_LAB,4.0,10,1,10,-2.82685512367491
2023-03-25 00:30:00,CAN_LAB,-2.0,4,1,4,-1.61603102779573
2023-03-25 02:45:00,CAN_LAB,1.9,2,1,2,0.36101083032491
2023-03-25 04:15:00,CAN_LAB,8.0,8,1,8,-2.2203245089667
2023-03-25 23:30:00,CAN_LAB,-0.4,10,1,10,-2.61660978384528
2023-03-26 00:15:00,CAN_LAB,-0.4,10,1,10,-2.61660978384528
2023-03-27 18:00:00,CAN_LAB,2.8,2,1,2,5.88235294117647
2023-03-28 13:30:00,CAN_LAB,5.0,5,1,5,4.53834115805947
2023-03-28 22:00:00,CAN_LAB,0.0,6,1,6,-2.94695481335952
2023-03-28 22:30:00,CAN_LAB,3.0,10,1,10,0.0
2023-03-30 06:45:00,CAN_LAB,3.4,6,1,6,5.97609561752988
2023-03-30 20:15:00,CAN_LAB,0.0,1,1,1,3.76175548589342
2023-04-01 15:30:00,CAN_LAB,-2.0,1,1,1,-2.89017341040463
2023-04-01 16:45:00,CAN_LAB,-10.0,2,1,2,-1.70394036208733
2023-04-04 03:15:00,CAN_LAB,-0.1,2,1,2,-2.01765447667087
2023-04-04 18:45:00,CAN_LAB,-6.5,2,1,2,1.66493236212279
2023-04-04 22:00:00,CAN_LAB,2.8,6,1,6,2.4390243902439
2023-04-05 23:15:00,CAN_LAB,0.0,3,1,3,-3.07328605200945
2023-04-07 13:45:00,CAN_LAB,0.0,2,1,2,-8.53242320819112
2023-04-09 12:30:00,CAN_LAB,3.4,3,1,3,2.56410256410256
2023-04-12 18:30:00,CAN_LAB,6.0,2,1,2,-1.90007037297678
2023-04-12 19:15:00,CAN_LAB,-9.5,12,2,12,-2.4976657329598497
2023-04-13 21:15:00,CAN_LAB,1.0,2,1,2,2.37580993520518
2023-04-14 14:30:00,CAN_LAB,4.0,10,1,10,6.57748049052397
2023-04-14 16:00:00,CAN_LAB,4.0,6,1,6,4.06091370558376
2023-04-15 13:45:00,CAN_LAB,3.0,3,1,3,-1.00694444444444
2023-04-16 04:30:00,CAN_LAB,-2.0,1,1,1,-2.81899109792285
2023-04-19 13:45:00,CAN_LAB,-6.5,2,1,2,-0.92421441774492
2023-04-20 00:00:00,CAN_LAB,1.0,6,1,6,0.10799136069114
2023-04-20 21:15:00,CAN_LAB,3.0,10,1,10,0.0
2023-04-21 21:00:00,CAN_LAB,3.4,5,1,5,-0.98522167487685
2023-04-24 16:00:00,CAN_LAB,0.0,2,1,2,-0.64308681672026
2023-04-24 18:30:00,CAN_LAB,1.0,6,1,6,-1.59362549800797
2023-04-25 17:15:00,CAN_LAB,-2.0,2,1,2,1.53846153846154
2023-04-25 22:15:00,CAN_LAB,-2.0,4,1,4,-0.13927576601671
2023-04-26 05:30:00,CAN_LAB,4.0,10,1,10,4.61538461538462
2023-04-26 20:00:00,CAN_LAB,-2.0,10,1,10,-19.4444444444444
2023-04-27 01:00:00,CAN_LAB,-2.0,10,1,10,-15.9090909090909
2023-04-27 02:30:00,CAN_LAB,1.0,10,1,10,3.92156862745098
2023-04-28 21:45:00,CAN_LAB,4.0,3,1,3,-4.0
2023-04-28 22:00:00,CAN_LAB,2.8,20,1,10,-5.13219284603422
2023-04-28 22:45:00,CAN_LAB,-2.0,6,1,6,-3.41296928327645
2023-04-28 23:45:00,CAN_LAB,3.4,6,1,6,-4.23280423280424
2023-04-29 00:00:00,CAN_LAB,4.0,4,1,4,0.72992700729927
2023-04-29 00:15:00,CAN_LAB,3.4,12,1,12,-4.13885180240321
2023-04-29 13:00:00,CAN_LAB,-9.5,2,1,2,-2.734375
2023-04-29 22:30:00,CAN_LAB,0.0,5,1,5,0.28011204481792
2023-04-30 02:00:00,CAN_LAB,0.0,5,1,5,0.28901734104046
2023-05-01 05:30:00,CAN_LAB,-6.5,10,1,10,2.32558139534884
2023-05-01 06:45:00,CAN_LAB,7.0,12,2,12,-2.5106974753958102
2023-05-01 08:45:00,CAN_LAB,7.0,6,1,6,-2.94117647058824
2023-05-01 16:30:00,CAN_LAB,-2.0,6,1,6,-0.95044127630686
2023-05-01 19:00:00,CAN_LAB,4.0,3,1,3,5.68181818181818
2023-05-02 12:00:00,CAN_LAB,7.0,10,1,10,2.27074235807861
2023-05-02 22:45:00,CAN_LAB,1.0,2,1,2,-4.82815057283143
2023-05-03 12:45:00,CAN_LAB,10.0,1,1,1,0.93786635404454
2023-05-03 20:45:00,CAN_LAB,-0.4,1,1,1,-5.30973451327434
2023-05-04 18:15:00,CAN_LAB,4.0,10,1,10,0.59347181008902
2023-05-05 22:00:00,CAN_LAB,-0.4,1,1,1,0.0
2023-05-05 23:00:00,CAN_LAB,3.0,2,1,2,-3.78006872852233
2023-05-06 03:15:00,CAN_LAB,3.0,2,1,2,-4.1994750656168
2023-05-09 00:45:00,CAN_LAB,0.0,10,1,10,-0.72376357056695
2023-05-09 16:15:00,CAN_LAB,-2.0,5,1,5,-0.69854082583049
2023-05-10 16:30:00,CAN_LAB,3.5,4,1,4,-4.65879265091864
2023-05-11 18:00:00,CAN_LAB,0.0,10,1,10,6.18336886993604
2023-05-12 18:45:00,CAN_LAB,3.4,6,1,6,-4.77941176470588
2023-05-12 22:30:00,CAN_LAB,5.2,12,2,12,-4.2920233758698
2023-05-13 01:30:00,CAN_LAB,5.2,6,1,6,-4.26439232409382
2023-05-13 01:45:00,CAN_LAB,5.2,6,1,6,-4.42477876106195
2023-05-15 12:30:00,CAN_LAB,-6.5,5,1,5,5.60271646859084
2023-05-15 20:00:00,CAN_LAB,4.0,12,1,4,0.53835800807537
2023-05-17 00:00:00,CAN_LAB,-10.0,10,1,10,-3.52480417754569
2023-05-17 00:15:00,CAN_LAB,0.0,8,1,8,-1.61490683229814
2023-05-17 00:30:00,CAN_LAB,-10.0,10,1,10,-3.75
2023-05-17 05:00:00,CAN_LAB,-10.0,2,1,2,-1.47569444444444
2023-05-17 06:30:00,CAN_LAB,0.0,10,1,10,-0.744416873449129
2023-05-17 10:00:00,CAN_LAB,3.0,4,1,2,-1.23647604327666
2023-05-17 11:30:00,CAN_LAB,4.0,4,1,4,-1.79153094462541
2023-05-18 18:30:00,CAN_LAB,4.0,8,1,4,0.41870202372645
2023-05-20 08:30:00,CAN_LAB,4.0,6,1,6,-0.38387715930903
2023-05-22 21:15:00,CAN_LAB,-9.0,8,1,8,-3.83275261324042
2023-05-24 01:00:00,CAN_LAB,3.4,2,1,2,-2.30826507818318
2023-05-24 20:15:00,CAN_LAB,-2.0,2,1,2,-12.707182320442
2023-05-25 08:15:00,CAN_LAB,4.0,2,1,2,0.70175438596491
2023-05-25 12:15:00,CAN_LAB,3.5,2,1,2,0.0
2023-05-27 01:15:00,CAN_LAB,4.0,20,1,10,4.55580865603645
2023-05-27 12:30:00,CAN_LAB,3.0,10,1,10,-1.92616372391653
2023-05-29 02:45:00,CAN_LAB,0.4,2,1,2,8.04195804195804
2023-05-30 08:00:00,CAN_LAB,3.4,10,1,10,9.31034482758618
2023-05-31 16:15:00,CAN_LAB,-8.0,2,1,2,-2.90851401374934
2023-05-31 23:00:00,CAN_LAB,0.0,10,1,10,-3.70994940978077
2023-06-01 14:45:00,CAN_LAB,1.9,8,1,8,3.77358490566038
2023-06-01 17:00:00,CAN_LAB,-2.0,4,1,4,1.08695652173913
2023-06-01 20:15:00,CAN_LAB,-2.0,6,1,6,-1.34310134310134
2023-06-01 22:00:00,CAN_LAB,-2.0,4,1,4,0.0
2023-06-02 17:00:00,CAN_LAB,0.0,5,1,5,0.0
2023-06-04 18:00:00,CAN_LAB,-2.0,4,1,4,-0.9478672985782
2023-06-06 20:00:00,CAN_LAB,0.0,5,1,5,-3.3210332103321
2023-06-06 21:30:00,CAN_LAB,0.0,5,1,5,-2.25035161744023
2023-06-07 03:15:00,CAN_LAB,4.0,3,1,3,2.08333333333333
2023-06-07 19:45:00,CAN_LAB,-2.0,3,1,3,-2.98719772403983
2023-06-08 00:00:00,CAN_LAB,1.9,8,1,8,1.07719928186715
2023-06-08 19:00:00,CAN_LAB,5.0,2,1,2,-0.43478260869565
2023-06-09 23:30:00,CAN_LAB,0.0,1,1,1,-1.21163166397415
2023-06-09 23:45:00,CAN_LAB,2.8,1,1,1,-1.07913669064748
2023-06-11 18:45:00,CAN_LAB,3.4,3,1,3,-2.82685512367491
2023-06-11 19:15:00,CAN_LAB,7.0,2,1,2,-0.30120481927711
2023-06-12 06:00:00,CAN_LAB,3.4,3,1,3,-2.82685512367491
2023-06-13 16:30:00,CAN_LAB,-5.0,2,1,2,-6.70194003527337
2023-06-14 07:00:00,CAN_LAB,-2.0,1,1,1,-9.83050847457627
2023-06-15 15:00:00,CAN_LAB,3.0,20,1,10,5.2060737527115
2023-06-21 11:45:00,CAN_LAB,4.0,3,1,3,-2.43515087347803
2023-06-21 22:15:00,CAN_LAB,-7.0,4,1,4,-0.74349442379182
2023-06-23 00:15:00,CAN_LAB,-9.0,2,1,2,-2.04225352112676
2023-06-23 17:00:00,CAN_LAB,-7.0,6,1,6,0.42553191489362
2023-06-24 19:15:00,CAN_LAB,0.0,5,1,5,-0.98039215686275
2023-06-25 07:00:00,CAN_LAB,-0.4,4,1,4,-3.46779900920028
2023-07-03 19:15:00,CAN_LAB,-2.0,10,1,10,-6.52173913043478
2023-07-04 05:45:00,CAN_LAB,-4.0,10,1,10,-0.89086859688196
2023-07-05 02:15:00,CAN_LAB,-4.0,2,1,2,-4.86111111111111
2023-07-05 23:15:00,CAN_LAB,7.0,4,1,4,-0.74468085106383
2023-07-07 07:15:00,CAN_LAB,-6.5,8,1,8,0.61728395061728
2023-07-07 20:30:00,CAN_LAB,-5.0,4,1,4,-3.26086956521739
2023-07-08 01:00:00,CAN_LAB,-6.5,10,1,10,-4.90367775831874
2023-07-11 23:30:00,CAN_LAB,2.8,2,1,2,-0.33003300330033
2023-07-12 15:30:00,CAN_LAB,5.0,2,1,2,-6.67361835245047
2023-07-12 16:15:00,CAN_LAB,-9.0,2,1,2,-3.15420560747663
2023-07-12 21:00:00,CAN_LAB,-5.0,10,1,10,-3.19488817891373
2023-07-13 02:15:00,CAN_LAB,0.4,3,1,3,-1.70511534603812
2023-07-16 21:15:00,CAN_LAB,-0.4,8,1,8,-1.1119936457506
2023-07-17 14:00:00,CAN_LAB,-0.4,8,1,8,-1.09519797809604
2023-07-17 21:00:00,CAN_LAB,-4.0,2,1,2,-0.56258790436005
2023-07-18 10:45:00,CAN_LAB,2.8,8,1,8,2.09790209790209
2023-07-18 11:15:00,CAN_LAB,3.5,3,1,3,-0.80935251798562
2023-07-18 13:45:00,CAN_LAB,-0.4,3,1,3,0.69565217391305
2023-07-18 17:45:00,CAN_LAB,-5.0,16,3,16,-4.1044776119403
2023-07-18 18:15:00,CAN_LAB,-5.0,4,1,4,-2.08333333333333
2023-07-18 23:00:00,CAN_LAB,-10.0,4,1,4,-0.15974440894569
2023-07-19 01:45:00,CAN_LAB,3.4,3,1,3,-0.92592592592592
2023-07-19 04:15:00,CAN_LAB,-2.0,2,1,2,-2.66666666666667
2023-07-20 02:00:00,CAN_LAB,2.8,10,1,10,-3.40909090909091
2023-07-20 06:15:00,CAN_LAB,-4.0,10,1,10,-6.75675675675676
2023-07-20 19:00:00,CAN_LAB,1.9,10,1,10,1.79273084479371
2023-07-21 16:30:00,CAN_LAB,1.9,2,1,2,-4.19580419580419
2023-07-21 18:15:00,CAN_LAB,1.0,2,1,2,-4.57063711911357
2023-07-23 16:30:00,CAN_LAB,0.0,10,1,10,-5.49132947976879
2023-07-24 18:30:00,CAN_LAB,8.0,4,1,4,4.01376146788991
2023-07-25 03:45:00,CAN_LAB,0.4,2,1,2,-3.95061728395062
2023-07-25 19:00:00,CAN_LAB,-2.0,10,1,10,-5.17241379310344
2023-07-27 22:45:00,CAN_LAB,4.0,10,1,10,5.24017467248908
2023-07-28 05:00:00,CAN_LAB,-10.0,5,1,5,-7.77027027027027
2023-07-28 20:15:00,CAN_LAB,2.8,10,1,10,0.0
2023-07-28 21:45:00,CAN_LAB,4.0,10,1,10,5.07757404795487
2023-07-29 01:30:00,CAN_LAB,4.0,20,2,20,2.27272727272727
2023-07-29 14:45:00,CAN_LAB,-4.0,2,1,2,-3.87096774193548
2023-07-29 16:00:00,CAN_LAB,-4.0,6,2,6,-8.48768348768347
2023-07-29 17:15:00,CAN_LAB,-4.0,2,1,2,-4.6875
2023-07-31 02:45:00,CAN_LAB,7.0,3,1,3,-1.48148148148148
2023-07-31 20:45:00,CAN_LAB,4.0,10,1,10,6.03448275862069
2023-08-01 13:00:00,CAN_LAB,-10.0,3,1,3,-2.67175572519084
2023-08-01 17:00:00,CAN_LAB,4.0,10,1,10,1.77777777777778
2023-08-02 13:45:00,CAN_LAB,-2.0,18,3,18,-1.018304736922585
2023-08-03 05:45:00,CAN_LAB,-5.0,6,1,6,-9.89010989010985
2023-08-03 17:45:00,CAN_LAB,-2.0,2,1,2,2.33160621761658
2023-08-04 07:00:00,CAN_LAB,2.8,3,1,3,0.0
2023-08-07 17:30:00,CAN_LAB,4.0,4,1,4,-2.61780104712042
2023-08-08 10:30:00,CAN_LAB,1.9,10,1,10,6.19834710743801
2023-08-08 17:30:00,CAN_LAB,-2.0,1,1,1,-4.28571428571428
2023-08-10 13:45:00,CAN_LAB,7.0,10,1,10,-1.12994350282486
2023-08-11 09:15:00,CAN_LAB,-4.0,2,1,2,-3.92156862745099
2023-08-11 23:45:00,CAN_LAB,0.4,2,1,2,-2.6578073089701
2023-08-12 00:30:00,CAN_LAB,3.4,4,1,4,0.89820359281437
2023-08-15 03:00:00,CAN_LAB,0.0,2,1,2,0.30721966205838
2023-08-18 17:45:00,CAN_LAB,-4.0,8,1,8,-5.43478260869565
2023-08-21 03:15:00,CAN_LAB,0.0,10,1,10,-5.40540540540541
2023-08-23 12:30:00,CAN_LAB,-2.0,1,1,1,-3.83838383838384
2023-08-25 17:30:00,CAN_LAB,-5.0,10,1,10,-3.81471389645777
2023-08-26 08:45:00,CAN_LAB,-4.4,2,1,2,-4.02999062792877
2023-08-28 00:00:00,CAN_LAB,-0.4,4,1,4,-2.56410256410257
2023-08-28 21:00:00,CAN_LAB,0.0,6,1,6,4.07725321888412
2023-08-30 10:30:00,CAN_LAB,-2.0,4,1,4,-0.10204081632653
2023-08-30 13:30:00,CAN_LAB,2.8,6,1,6,-0.59171597633137
2023-08-30 20:30:00,CAN_LAB,4.0,5,1,5,-4.41176470588233
2023-08-30 22:15:00,CAN_LAB,4.0,4,1,4,1.38888888888889
2023-08-30 23:30:00,CAN_LAB,1.9,2,1,2,-1.80392156862745
2023-08-31 01:00:00,CAN_LAB,1.9,2,1,2,-1.46222583265637
2023-09-01 08:45:00,CAN_LAB,3.4,4,1,4,-0.99160945842868
2023-09-01 16:30:00,CAN_LAB,-10.0,8,1,8,-0.40444893832153
2023-09-01 17:45:00,CAN_LAB,2.8,2,1,2,1.80645161290322
2023-09-03 21:45:00,CAN_LAB,3.0,6,1,6,-2.39234449760766
2023-09-04 03:15:00,CAN_LAB,3.0,6,1,6,-4.91400491400492
2023-09-04 06:15:00,CAN_LAB,3.0,1,1,1,-3.00300300300301
2023-09-05 10:45:00,CAN_LAB,3.0,3,1,3,1.35593220338983
2023-09-06 01:15:00,CAN_LAB,3.0,10,1,10,-3.78548895899053
2023-09-06 17:30:00,CAN_LAB,0.0,10,1,10,1.82926829268293
2023-09-06 18:15:00,CAN_LAB,0.0,10,1,10,1.82926829268293
2023-09-09 18:00:00,CAN_LAB,-5.0,2,1,2,-1.89393939393939
2023-09-11 18:30:00,CAN_LAB,4.0,5,1,5,-5.08474576271183
2023-09-11 19:00:00,CAN_LAB,-2.0,10,1,10,-0.5420054200542
2023-09-12 09:00:00,CAN_LAB,8.0,2,1,2,0.0
2023-09-13 18:45:00,CAN_LAB,-6.5,2,1,2,-0.82304526748971
2023-09-13 23:00:00,CAN_LAB,0.0,20,1,10,-4.53563714902807
2023-09-14 20:15:00,CAN_LAB,-0.4,3,1,3,2.8125
2023-09-15 05:15:00,CAN_LAB,3.0,5,1,5,0.27972027972028
2023-09-18 18:15:00,CAN_LAB,-5.0,3,1,3,-5.43689320388349
2023-09-18 22:45:00,CAN_LAB,-10.0,10,1,10,-1.71428571428571
2023-09-19 02:00:00,CAN_LAB,-10.0,10,1,10,-1.71428571428571
2023-09-19 16:15:00,CAN_LAB,-6.5,3,1,3,0.58479532163743
2023-09-19 18:00:00,CAN_LAB,1.9,3,1,3,1.59151193633953
2023-09-19 21:45:00,CAN_LAB,3.4,10,1,10,0.52083333333333
2023-09-20 00:00:00,CAN_LAB,0.0,3,1,3,-3.38266384778013
2023-09-20 03:00:00,CAN_LAB,3.0,3,1,3,-3.40425531914894
2023-09-20 04:15:00,CAN_LAB,4.0,8,1,8,-5.89680589680589
2023-09-20 06:30:00,CAN_LAB,4.0,2,1,2,-2.70270270270271
2023-09-20 07:15:00,CAN_LAB,4.0,8,1,8,-4.80928689883914
2023-09-20 08:00:00,CAN_LAB,4.0,10,1,10,-0.45454545454545
2023-09-20 12:15:00,CAN_LAB,4.0,10,1,10,-0.74812967581047
2023-09-20 12:45:00,CAN_LAB,4.0,10,1,10,-3.94736842105263
2023-09-20 13:45:00,CAN_LAB,4.0,10,1,10,0.16501650165016
2023-09-20 16:15:00,CAN_LAB,5.0,5,1,5,1.47329650092081
2023-09-20 20:15:00,CAN_LAB,5.0,2,1,2,3.18302387267905
2023-09-20 23:30:00,CAN_LAB,4.0,4,1,4,-4.47007930785869
2023-09-21 01:15:00,CAN_LAB,4.0,1,1,1,2.30179028132992
2023-09-21 02:30:00,CAN_LAB,4.0,6,1,6,-2.32558139534884
2023-09-21 15:00:00,CAN_LAB,3.5,8,1,8,-1.58730158730158
2023-09-21 20:45:00,CAN_LAB,-2.0,10,1,10,-0.86580086580087
2023-09-21 22:30:00,CAN_LAB,4.0,10,1,10,-1.30246020260492
2023-09-22 02:30:00,CAN_LAB,3.4,5,3,5,-2.510149925404165
2023-09-22 05:45:00,CAN_LAB,1.4,5,2,5,-2.04979568233044
2023-09-23 10:15:00,CAN_LAB,0.0,6,1,6,1.12359550561798
2023-09-23 20:00:00,CAN_LAB,-6.5,6,1,6,2.35294117647058
2023-09-24 18:00:00,CAN_LAB,8.0,3,1,3,1.50375939849624
2023-09-25 10:30:00,CAN_LAB,0.0,6,1,6,4.05405405405405
2023-09-26 01:45:00,CAN_LAB,0.0,10,1,10,-4.84581497797357
2023-09-26 16:30:00,CAN_LAB,4.0,10,1,10,4.86111111111111
2023-09-26 20:45:00,CAN_LAB,2.8,2,1,2,-3.88349514563107
2023-09-27 05:15:00,CAN_LAB,4.0,4,1,4,3.53535353535353
2023-09-27 07:15:00,CAN_LAB,2.8,2,1,2,-3.85756676557864
2023-09-27 08:30:00,CAN_LAB,2.8,2,1,2,-2.5974025974026
2023-09-28 17:45:00,CAN_LAB,0.4,1,1,1,0.77519379844961
2023-09-28 19:45:00,CAN_LAB,1.0,3,1,3,0.24420024420025
2023-09-29 10:00:00,CAN_LAB,3.4,1,1,1,2.67111853088481
2023-09-29 16:30:00,CAN_LAB,4.0,10,1,10,1.2987012987013
2023-09-29 17:45:00,CAN_LAB,7.0,5,1,5,0.854700854700855
2023-10-01 22:00:00,CAN_LAB,-7.0,6,1,6,0.49019607843137
2023-10-02 14:00:00,CAN_LAB,-7.0,6,1,6,-2.37388724035609
2023-10-02 18:45:00,CAN_LAB,7.4,6,1,6,0.28985507246377
2023-10-02 22:45:00,CAN_LAB,3.0,2,1,2,-0.92250922509225
2023-10-03 17:15:00,CAN_LAB,-2.0,2,1,2,-2.76243093922652
2023-10-06 21:00:00,CAN_LAB,6.0,10,1,10,-1.32450331125828
2023-10-06 22:30:00,CAN_LAB,4.0,10,1,10,1.14942528735632
2023-10-07 00:00:00,CAN_LAB,1.9,10,1,10,-0.707547169811326
2023-10-07 02:15:00,CAN_LAB,4.0,10,1,10,1.1764705882353
2023-10-07 08:30:00,CAN_LAB,0.0,4,1,4,-1.95080576759966
2023-10-10 11:15:00,CAN_LAB,-2.0,2,1,2,-4.0339702760085
2023-10-10 13:45:00,CAN_LAB,-7.0,3,1,3,-3.97614314115308
2023-10-10 14:15:00,CAN_LAB,-6.5,10,1,10,-6.06060606060606
2023-10-10 14:45:00,CAN_LAB,-6.5,10,1,10,0.29154518950437
2023-10-10 19:45:00,CAN_LAB,5.0,8,1,8,-1.97628458498024
2023-10-11 10:00:00,CAN_LAB,3.0,12,2,12,3.17796980317203
2023-10-11 17:30:00,CAN_LAB,4.0,8,1,8,1.93370165745856
2023-10-13 20:15:00,CAN_LAB,1.0,5,1,5,-3.52941176470589
2023-10-14 01:30:00,CAN_LAB,-4.0,2,1,2,-1.8348623853211
2023-10-14 01:45:00,CAN_LAB,3.4,3,1,3,6.03813559322034
2023-10-14 13:45:00,CAN_LAB,7.0,5,1,5,-1.52235965746907
2023-10-15 00:30:00,CAN_LAB,7.4,4,1,4,2.18181818181818
2023-10-15 21:00:00,CAN_LAB,-6.5,1,1,1,-1.61290322580645
2023-10-17 17:45:00,CAN_LAB,4.0,5,1,5,-3.6734693877551
2023-10-17 18:30:00,CAN_LAB,-7.0,3,1,3,0.0
2023-10-17 20:30:00,CAN_LAB,-0.4,3,1,3,2.51177394034537
2023-10-18 00:00:00,CAN_LAB,7.0,5,1,5,-0.23696682464455
2023-10-18 16:30:00,CAN_LAB,4.0,10,1,10,-1.05540897097625
2023-10-18 17:45:00,CAN_LAB,0.0,3,1,3,-10.1010101010101
2023-10-20 00:15:00,CAN_LAB,-2.0,4,1,4,1.05596620908131
2023-10-20 15:30:00,CAN_LAB,3.4,4,1,2,0.80645161290323
2023-10-20 17:45:00,CAN_LAB,3.4,2,1,2,1.96779964221825
2023-10-21 03:45:00,CAN_LAB,-0.4,6,1,6,0.16038492381716
2023-10-22 21:30:00,CAN_LAB,6.0,10,1,10,0.88235294117647
2023-10-23 19:15:00,CAN_LAB,-6.5,5,1,5,-1.10132158590309
2023-10-23 20:00:00,CAN_LAB,7.0,10,1,10,1.38504155124654
2023-10-24 09:30:00,CAN_LAB,-6.5,5,1,5,-5.58375634517766
2023-10-25 02:15:00,CAN_LAB,3.0,6,1,6,-5.22161505768063
2023-10-25 20:30:00,CAN_LAB,0.4,2,1,2,-3.77358490566038
2023-10-25 23:00:00,CAN_LAB,-6.5,4,1,4,-3.92927308447937
2023-10-26 02:15:00,CAN_LAB,-6.5,4,1,4,-0.86805555555555
2023-10-26 16:00:00,CAN_LAB,7.0,10,1,10,-2.43597751405371
2023-10-26 20:30:00,CAN_LAB,-6.5,8,1,8,-1.13924050632911
2023-10-27 00:00:00,CAN_LAB,-6.5,18,1,18,-1.60561614951043
2023-10-27 17:30:00,CAN_LAB,-6.5,1,1,1,-4.34442270058709
2023-10-27 23:30:00,CAN_LAB,-5.0,4,1,4,-6.46844027125717
2023-10-29 21:15:00,CAN_LAB,0.0,2,1,2,-5.29801324503311
2023-10-29 22:45:00,CAN_LAB,-2.0,4,1,4,-2.55474452554745
2023-10-30 02:00:00,CAN_LAB,-2.0,4,1,4,-2.5735294117647
2023-10-30 19:30:00,CAN_LAB,1.0,2,1,2,-0.57471264367817
2023-10-30 23:30:00,CAN_LAB,4.0,5,1,5,2.32558139534884
2023-10-31 08:45:00,CAN_LAB,4.0,3,1,3,1.5625
2023-10-31 09:00:00,CAN_LAB,4.0,3,1,3,0.0
2023-10-31 12:00:00,CAN_LAB,5.0,4,1,4,-0.253164556962026
2023-11-01 19:00:00,CAN_LAB,1.0,10,1,10,-0.93812375249501
2023-11-02 19:15:00,CAN_LAB,1.0,6,1,6,0.0
2023-11-02 23:00:00,CAN_LAB,2.8,1,1,1,-6.79611650485434
2023-11-04 16:00:00,CAN_LAB,3.5,10,1,10,-0.26929982046678
2023-11-07 03:45:00,CAN_LAB,3.4,6,1,6,1.92307692307693
2023-11-07 15:30:00,CAN_LAB,5.0,4,1,4,-0.253164556962026
2023-11-09 16:15:00,CAN_LAB,3.4,10,1,10,0.0
2023-11-09 19:45:00,CAN_LAB,6.0,10,1,10,7.20524017467251
2023-11-10 16:45:00,CAN_LAB,3.4,6,1,6,-1.02171136653895
2023-11-10 21:45:00,CAN_LAB,0.4,3,1,3,4.91803278688525
2023-11-14 02:15:00,CAN_LAB,-2.0,2,1,2,-0.74786324786325
2023-11-14 21:45:00,CAN_LAB,6.0,12,4,12,-4.34782608695652
2023-11-15 00:45:00,CAN_LAB,6.0,3,1,3,-4.34782608695652
2023-11-15 01:15:00,CAN_LAB,3.0,6,1,6,-3.90286209887251
2023-11-16 13:00:00,CAN_LAB,-7.0,10,1,10,-3.54609929078014
2023-11-19 15:00:00,CAN_LAB,4.0,5,1,5,3.36538461538462
2023-11-19 23:30:00,CAN_LAB,4.0,6,1,6,-0.20512820512821
2023-11-20 11:15:00,CAN_LAB,7.0,5,1,5,6.69291338582677
2023-11-21 01:00:00,CAN_LAB,-2.0,2,1,2,1.40023337222871
2023-11-21 19:15:00,CAN_LAB,3.4,5,1,5,-0.72358900144718
2023-11-22 01:30:00,CAN_LAB,2.8,7,1,7,-0.24475524475524
2023-11-22 10:30:00,CAN_LAB,3.0,8,1,8,-2.21187427240977
2023-11-23 00:00:00,CAN_LAB,-2.0,10,1,10,-2.55516840882695
2023-11-23 01:15:00,CAN_LAB,0.4,1,1,1,0.315457413249211
2023-11-23 09:30:00,CAN_LAB,5.0,6,1,6,3.71024734982332
2023-11-24 04:00:00,CAN_LAB,-2.0,2,1,2,0.70323488045008
2023-11-27 17:30:00,CAN_LAB,0.0,2,1,2,-2.17864923747277
2023-11-28 21:15:00,CAN_LAB,-5.0,10,1,10,-1.42348754448398
2023-11-29 08:15:00,CAN_LAB,3.2,10,1,10,6.34482758620689
2023-11-29 22:00:00,CAN_LAB,6.0,6,1,6,0.53276505061268
2023-11-30 05:30:00,CAN_LAB,4.0,10,1,10,-3.68033648790747
2023-12-02 15:00:00,CAN_LAB,-6.5,2,1,2,-1.33196721311475
2023-12-04 18:00:00,CAN_LAB,0.4,4,1,4,-2.35131396957123
2023-12-05 11:30:00,CAN_LAB,-2.0,3,1,3,-0.552486187845299
2023-12-07 16:15:00,CAN_LAB,7.0,10,1,10,-9.18727915194344
2023-12-07 22:30:00,CAN_LAB,0.0,10,1,10,-10.6870229007634
2023-12-08 20:45:00,CAN_LAB,0.0,1,1,1,-4.33244916003537
2023-12-08 22:00:00,CAN_LAB,0.0,1,1,1,-4.68046804680468
2023-12-11 04:30:00,CAN_LAB,1.9,10,1,10,-0.66889632107024
2023-12-11 11:00:00,CAN_LAB,7.4,10,1,10,2.4390243902439
2023-12-12 19:30:00,CAN_LAB,0.0,10,1,10,4.24671385237613
2023-12-12 20:45:00,CAN_LAB,8.3,6,1,6,4.37654830718414
2023-12-12 22:45:00,CAN_LAB,-2.0,10,1,10,-2.81597904387688
2023-12-14 19:00:00,CAN_LAB,3.0,15,1,10,-5.15463917525773
2023-12-14 23:15:00,CAN_LAB,2.8,4,1,4,-3.2258064516129
2023-12-15 00:00:00,CAN_LAB,2.8,4,1,4,-3.80228136882129
2023-12-15 03:45:00,CAN_LAB,3.0,10,1,10,1.75746924428823
2023-12-15 13:45:00,CAN_LAB,-4.0,7,1,7,-0.72727272727273
2023-12-18 00:15:00,CAN_LAB,-4.0,10,1,10,-0.20120724346076
2023-12-18 18:45:00,CAN_LAB,-5.0,10,1,10,-4.38871473354232
2023-12-19 03:00:00,CAN_LAB,3.5,5,1,5,-4.46851726472579
2023-12-20 01:15:00,CAN_LAB,-2.0,2,1,2,-3.97599399849963
2023-12-21 17:45:00,CAN_LAB,-2.0,2,1,2,0.24916943521595
2023-12-22 01:30:00,CAN_LAB,-2.0,10,1,10,0.93984962406015
2023-12-22 17:15:00,CAN_LAB,-2.0,2,1,2,-5.859375
2023-12-22 20:15:00,CAN_LAB,1.9,3,1,3,-1.73160173160174
2023-12-26 15:45:00,CAN_LAB,1.9,3,1,3,1.18110236220472
2023-12-27 01:15:00,CAN_LAB,0.0,10,1,10,5.01981505944518
2023-12-28 20:45:00,CAN_LAB,4.0,6,1,6,2.45398773006135
2023-12-29 00:15:00,CAN_LAB,7.0,4,1,4,3.55987055016181
2024-01-02 17:15:00,CAN_LAB,3.4,6,1,6,5.16129032258065
2024-01-03 01:30:00,CAN_LAB,3.4,2,1,2,2.22222222222222
2024-01-03 21:30:00,CAN_LAB,-7.0,10,1,10,-0.38610038610038
2024-01-04 15:30:00,CAN_LAB,4.0,8,1,8,-0.14005602240896
2024-01-04 18:15:00,CAN_LAB,1.0,5,1,5,-1.37362637362638
2024-01-05 15:30:00,CAN_LAB,7.0,10,1,10,0.29717682020802
2024-01-05 21:15:00,CAN_LAB,2.8,4,1,4,-0.26109660574412
2024-01-05 21:30:00,CAN_LAB,2.8,2,1,2,0.0
2024-01-05 21:45:00,CAN_LAB,-7.0,10,1,10,-0.38461538461539
2024-01-06 02:00:00,CAN_LAB,2.8,4,1,4,-0.26109660574412
2024-01-10 15:15:00,CAN_LAB,3.0,5,1,5,-0.82474226804124
2024-01-10 16:45:00,CAN_LAB,3.0,2,1,2,-0.81967213114754
2024-01-10 21:45:00,CAN_LAB,2.8,10,1,10,-2.24887556221889
2024-01-11 05:00:00,CAN_LAB,3.0,5,1,5,-0.38387715930902
2024-01-11 18:15:00,CAN_LAB,4.0,4,1,4,-0.87719298245614
2024-01-12 00:30:00,CAN_LAB,1.9,3,1,3,-1.73160173160174
2024-01-12 21:15:00,CAN_LAB,3.5,2,1,2,2.56410256410257
2024-01-13 00:15:00,CAN_LAB,-7.0,4,1,4,-0.18165304268847
2024-01-13 17:15:00,CAN_LAB,-5.0,4,1,2,-3.4324942791762
2024-01-16 19:45:00,CAN_LAB,-2.0,2,1,2,-0.82389289392379
2024-01-17 20:15:00,CAN_LAB,0.0,2,1,2,-0.0971817298347899
2024-01-17 21:00:00,CAN_LAB,3.4,4,1,4,5.21739130434782
2024-01-18 00:00:00,CAN_LAB,1.0,2,1,2,-2.31388329979879
2024-01-18 00:30:00,CAN_LAB,1.9,1,1,1,-0.35460992907802
2024-01-18 17:30:00,CAN_LAB,3.4,4,1,4,5.59610705596107
2024-01-18 19:45:00,CAN_LAB,0.95,16,2,16,3.30237689728676
2024-01-19 15:00:00,CAN_LAB,3.4,4,1,4,5.78125
2024-01-22 00:15:00,CAN_LAB,2.8,1,1,1,1.24895920066611
2024-01-25 02:15:00,CAN_LAB,-2.0,5,1,5,-5.0
2024-01-26 03:30:00,CAN_LAB,4.0,2,1,2,0.0
2024-01-26 14:15:00,CAN_LAB,1.9,2,1,2,-0.27855153203343
2024-01-31 23:00:00,CAN_LAB,-4.4,2,1,2,-1.16279069767442
2024-02-01 20:00:00,CAN_LAB,4.0,2,1,2,-1.19091924078898
2024-02-05 15:30:00,CAN_LAB,7.0,8,1,8,-0.29498525073746
2024-02-06 17:15:00,CAN_LAB,-2.0,6,1,6,-1.55555555555555
2024-02-07 18:30:00,CAN_LAB,-2.0,2,1,2,-9.52380952380951
2024-02-10 20:15:00,CAN_LAB,-2.0,2,1,2,-3.35820895522388
2024-02-11 00:30:00,CAN_LAB,-2.0,2,1,2,-3.03819444444445
2024-02-11 17:30:00,CAN_LAB,-2.0,1,1,1,-3.125
2024-02-14 19:30:00,CAN_LAB,7.0,10,1,10,-1.12359550561798
2024-02-16 15:45:00,CAN_LAB,1.9,5,1,5,-4.84330484330485
2024-02-16 20:30:00,CAN_LAB,3.0,3,1,3,-1.09090909090909
2024-02-16 23:30:00,CAN_LAB,-9.5,10,1,10,-6.54761904761905
2024-02-17 06:30:00,CAN_LAB,7.4,1,1,1,-3.69127516778523
2024-02-20 16:15:00,CAN_LAB,3.0,2,1,2,-3.8109756097561
2024-02-21 02:30:00,CAN_LAB,3.0,5,1,5,-2.88808664259927
2024-02-21 23:15:00,CAN_LAB,3.0,10,1,10,0.34423407917384
2024-02-22 12:15:00,CAN_LAB,3.0,10,1,10,0.34423407917384
2024-02-22 21:30:00,CAN_LAB,-2.0,10,1,10,-3.69426751592357
2024-02-22 22:30:00,CAN_LAB,-10.0,6,1,6,0.40733197556008
2024-02-23 01:00:00,CAN_LAB,3.0,18,3,18,-2.02702702702703
2024-02-23 16:30:00,CAN_LAB,-7.0,5,1,5,0.38759689922481
2024-02-24 03:45:00,CAN_LAB,-5.0,2,1,2,-6.00978336827394
2024-02-24 14:00:00,CAN_LAB,-2.0,4,1,4,-2.09643605870021
2024-02-24 19:45:00,CAN_LAB,-2.0,2,1,2,-2.10084033613446
2024-02-24 20:45:00,CAN_LAB,-2.0,2,1,2,-3.6321483771252
2024-02-25 00:00:00,CAN_LAB,0.5,8,2,8,-2.8177654406662
2024-02-25 00:45:00,CAN_LAB,-2.0,2,1,2,-3.21782178217821
2024-02-26 23:30:00,CAN_LAB,1.9,2,1,2,-2.03291384317522
2024-02-27 00:00:00,CAN_LAB,1.9,2,1,2,-2.03291384317522
2024-02-27 19:45:00,CAN_LAB,3.5,10,1,10,2.01668984700974
2024-02-29 02:15:00,CAN_LAB,-4.0,8,1,8,-0.67001675041876
2024-03-01 03:00:00,CAN_LAB,3.4,5,1,5,-0.24752475247525
2024-03-01 20:15:00,CAN_LAB,0.0,2,1,2,2.57009345794392
2024-03-02 00:15:00,CAN_LAB,0.0,2,1,2,2.57009345794392
2024-03-04 04:15:00,CAN_LAB,3.5,10,1,10,2.01109570041609
2024-03-05 13:30:00,CAN_LAB,4.0,2,1,2,6.60377358490566
2024-03-05 20:30:00,CAN_LAB,4.0,2,1,2,7.14285714285714
2024-03-05 22:45:00,CAN_LAB,1.9,2,1,2,1.76056338028169
2024-03-06 01:45:00,CAN_LAB,1.9,2,1,2,1.0752688172043
2024-03-06 11:15:00,CAN_LAB,4.0,2,1,2,6.44444444444444
2024-03-06 18:30:00,CAN_LAB,3.0,10,1,10,-3.37078651685393
2024-03-06 19:30:00,CAN_LAB,3.0,10,1,10,-3.40909090909091
2024-03-06 20:00:00,CAN_LAB,3.0,10,1,10,-3.37078651685393
2024-03-07 22:45:00,CAN_LAB,0.0,10,1,10,-2.44200244200244
2024-03-09 21:15:00,CAN_LAB,4.0,2,1,2,-1.0258358662614
2024-03-11 06:15:00,CAN_LAB,4.0,2,1,2,-1.10192837465564
2024-03-11 13:45:00,CAN_LAB,3.5,10,1,10,-3.46232179226069
2024-03-11 15:15:00,CAN_LAB,-0.4,6,1,6,1.68539325842697
2024-03-12 20:00:00,CAN_LAB,-4.0,2,1,2,-6.23003194888179
2024-03-14 23:15:00,CAN_LAB,2.8,6,1,6,-0.36832412523021
2024-03-16 00:15:00,CAN_LAB,1.0,10,1,10,-2.30547550432277
2024-03-18 13:45:00,CAN_LAB,-4.0,8,1,8,-0.14771048744461
2024-03-18 14:30:00,CAN_LAB,-4.0,4,1,4,-4.28571428571428
2024-03-20 01:45:00,CAN_LAB,1.9,6,1,6,-1.51351351351352
2024-03-20 14:30:00,CAN_LAB,-4.0,10,1,10,4.01459854014599
2024-03-24 08:30:00,CAN_LAB,-0.4,2,1,2,-1.82731841023298
2024-03-26 00:15:00,CAN_LAB,-0.4,4,1,4,-1.28205128205128
2024-03-26 19:15:00,CAN_LAB,-4.0,30,1,10,-0.44444444444444
2024-03-27 20:30:00,CAN_LAB,8.0,2,1,2,-2.95302013422819
2024-03-28 18:30:00,CAN_LAB,-5.0,4,1,4,-8.48214285714286
2024-03-28 20:30:00,CAN_LAB,7.0,6,1,6,2.20588235294117
2024-04-01 20:00:00,CAN_LAB,-2.0,10,1,10,-25.0
2024-04-03 17:45:00,CAN_LAB,0.0,2,1,2,-4.24778761061947
2024-04-05 18:30:00,CAN_LAB,-2.0,6,1,6,-14.0
2024-04-06 00:30:00,CAN_LAB,1.0,10,1,10,3.5799522673031
2024-04-08 19:30:00,CAN_LAB,3.4,6,1,6,-3.75657400450789
2024-04-09 02:00:00,CAN_LAB,3.4,5,1,5,-1.8953752843063
2024-04-09 03:30:00,CAN_LAB,3.0,10,1,10,2.03327171903881
2024-04-10 17:30:00,CAN_LAB,1.0,3,1,3,3.40632603406326
2024-04-10 17:45:00,CAN_LAB,-4.0,4,1,4,1.08459869848156
2024-04-10 19:45:00,CAN_LAB,3.4,6,1,6,-4.10646387832699
2024-04-11 15:15:00,CAN_LAB,3.4,6,1,6,-4.10646387832699
2024-04-12 22:15:00,CAN_LAB,3.0,2,1,2,-0.18416206261511
2024-04-13 17:45:00,CAN_LAB,0.0,6,1,6,1.5583019881784
2024-04-16 20:30:00,CAN_LAB,3.0,3,1,3,-2.69058295964125
2024-04-16 20:45:00,CAN_LAB,3.0,6,1,6,4.68227424749164
2024-04-16 22:30:00,CAN_LAB,-4.4,20,2,20,-1.84216468463043
2024-04-19 04:15:00,CAN_LAB,-2.0,6,1,6,-2.31277533039648
2024-04-19 14:30:00,CAN_LAB,-2.0,10,2,10,2.390458292424895
2024-04-22 21:15:00,CAN_LAB,-2.0,10,1,10,-15.2173913043478
2024-04-23 14:00:00,CAN_LAB,6.0,4,3,4,-7.791011112333591
2024-04-23 18:30:00,CAN_LAB,2.8,11,2,11,0.472154485364245
2024-04-23 23:15:00,CAN_LAB,3.2,6,1,6,-6.23441396508729
2024-04-25 15:00:00,CAN_LAB,4.0,14,2,14,1.6519378501703952
2024-04-25 20:30:00,CAN_LAB,4.0,10,1,10,3.125
2024-04-25 22:15:00,CAN_LAB,-0.1,3,1,3,0.82815734989648
2024-04-26 00:30:00,CAN_LAB,3.4,10,1,10,7.07196029776675
2024-04-28 13:00:00,CAN_LAB,1.0,4,1,4,1.54320987654321
2024-04-28 22:45:00,CAN_LAB,-5.8,2,1,2,-5.89390962671905
2024-04-29 13:30:00,CAN_LAB,7.4,3,1,3,4.45544554455445
2024-04-30 15:00:00,CAN_LAB,1.0,6,1,6,1.68539325842696
2024-05-01 20:00:00,CAN_LAB,3.4,12,1,12,-4.12528647822765
2024-05-01 20:15:00,CAN_LAB,3.0,6,1,6,6.34615384615385
2024-05-01 23:15:00,CAN_LAB,-2.0,2,1,2,-1.98902606310014
2024-05-02 12:00:00,CAN_LAB,4.0,2,1,2,-0.64724919093851
2024-05-02 20:30:00,CAN_LAB,3.0,6,1,6,6.34615384615385
2024-05-05 00:45:00,CAN_LAB,2.8,10,1,10,0.35714285714285
2024-05-06 22:00:00,CAN_LAB,1.9,2,1,2,0.0755287009063399
2024-05-07 11:45:00,CAN_LAB,-7.0,5,1,5,1.23711340206186
2024-05-10 21:15:00,CAN_LAB,3.0,6,1,6,-6.19946091644205
2024-05-11 22:15:00,CAN_LAB,-4.0,5,1,5,-5.03937007874016
2024-05-12 10:30:00,CAN_LAB,-6.5,10,1,10,-0.45248868778281
2024-05-13 12:30:00,CAN_LAB,3.0,8,1,8,5.55555555555555
2024-05-14 08:30:00,CAN_LAB,-5.0,2,1,2,-2.09790209790209
2024-05-16 05:30:00,CAN_LAB,3.4,12,1,12,-4.12528647822765
2024-05-21 03:30:00,CAN_LAB,0.0,10,1,10,-2.83687943262411
2024-05-21 21:30:00,CAN_LAB,-6.5,2,1,2,-2.31481481481482
2024-05-22 09:30:00,CAN_LAB,0.0,3,1,3,-2.43393602225313
2024-05-22 17:30:00,CAN_LAB,-2.0,2,1,2,-0.6993006993007
2024-05-23 01:30:00,CAN_LAB,0.0,2,1,2,0.0
2024-05-24 11:00:00,CAN_LAB,7.4,8,1,8,2.31124807395994
2024-05-27 11:30:00,CAN_LAB,3.0,5,1,5,0.7154213036566
2024-05-27 20:45:00,CAN_LAB,-0.4,10,1,10,-0.8130081300813
2024-05-28 13:45:00,CAN_LAB,-0.4,10,1,10,-1.19760479041916
2024-05-28 21:00:00,CAN_LAB,3.0,15,1,10,1.4018691588785
2024-05-29 23:30:00,CAN_LAB,8.0,12,2,12,0.627014702413715
2024-05-30 02:00:00,CAN_LAB,8.0,6,1,6,0.63291139240507
2024-05-30 05:15:00,CAN_LAB,3.0,6,1,6,-7.34421364985163
2024-05-30 09:30:00,CAN_LAB,3.0,5,1,5,0.11933174224344
2024-05-30 11:15:00,CAN_LAB,-9.0,8,1,8,-6.06585788561525
2024-05-30 17:15:00,CAN_LAB,-9.0,6,1,6,-6.06585788561525
2024-05-30 19:00:00,CAN_LAB,-9.0,8,1,8,-6.7065868263473
2024-05-31 13:45:00,CAN_LAB,3.0,8,1,8,2.22929936305733
2024-06-03 13:15:00,CAN_LAB,2.8,20,1,10,-0.88587806149035
2024-06-05 00:00:00,CAN_LAB,0.0,4,1,4,0.47846889952153
2024-06-05 20:15:00,CAN_LAB,-6.5,10,1,10,0.12210012210012
2024-06-06 14:15:00,CAN_LAB,-6.5,1,1,1,-3.125
2024-06-06 16:30:00,CAN_LAB,3.5,3,1,3,-2.275600505689
2024-06-06 21:30:00,CAN_LAB,-6.5,1,1,1,-1.0498687664042
2024-06-06 23:15:00,CAN_LAB,-0.4,2,1,2,-2.56410256410256
2024-06-06 23:30:00,CAN_LAB,6.0,10,1,10,1.14068441064639
2024-06-07 04:30:00,CAN_LAB,-6.5,1,1,1,-1.08010801080108
2024-06-07 15:45:00,CAN_LAB,6.0,10,1,10,0.56710775047259
2024-06-10 23:15:00,CAN_LAB,-2.0,3,1,3,-0.92264017033357
2024-06-11 01:15:00,CAN_LAB,-2.0,3,1,3,-0.36523009495982
2024-06-11 03:00:00,CAN_LAB,-2.0,6,1,6,-1.50684931506849
2024-06-11 23:30:00,CAN_LAB,-2.0,3,1,3,-0.14177693761815
2024-06-12 02:15:00,CAN_LAB,0.0,2,1,2,-2.03252032520325
2024-06-12 02:30:00,CAN_LAB,-2.0,3,1,3,-0.0465116279069799
2024-06-12 09:00:00,CAN_LAB,-6.5,10,1,10,-0.26385224274407
2024-06-12 12:45:00,CAN_LAB,-2.0,6,1,6,-2.28690228690229
2024-06-12 19:30:00,CAN_LAB,1.9,6,1,6,-0.46948356807512
2024-06-13 10:15:00,CAN_LAB,1.9,6,1,6,1.1482254697286
2024-06-13 12:00:00,CAN_LAB,1.9,3,1,3,1.49253731343284
2024-06-13 19:00:00,CAN_LAB,3.0,10,1,10,1.50659133709981
2024-06-13 22:45:00,CAN_LAB,-2.0,6,1,6,-1.8438844499078
2024-06-14 02:15:00,CAN_LAB,-2.0,6,1,6,-1.80296200901481
2024-06-15 01:45:00,CAN_LAB,1.9,6,1,6,-2.08690680388794
2024-06-16 23:00:00,CAN_LAB,-2.0,6,1,6,0.21404109589041
2024-06-17 04:15:00,CAN_LAB,-2.0,2,1,2,-5.4354539839407
2024-06-18 12:15:00,CAN_LAB,-2.0,6,1,6,-0.89058524173028
2024-06-18 19:00:00,CAN_LAB,0.0,2,1,2,-0.34129692832764
2024-06-18 20:30:00,CAN_LAB,0.0,2,1,2,-1.36363636363636
2024-06-21 18:00:00,CAN_LAB,3.0,6,1,6,3.87858347386172
2024-06-21 21:15:00,CAN_LAB,-2.0,6,1,6,-1.20906801007557
2024-06-22 02:00:00,CAN_LAB,-2.0,6,1,6,-0.67294751009421
2024-06-24 17:15:00,CAN_LAB,2.8,2,1,2,-1.7032967032967
2024-06-25 00:30:00,CAN_LAB,-2.0,6,1,6,-0.88852988691437
2024-06-25 02:30:00,CAN_LAB,-2.0,6,1,6,-1.11553784860558
2024-06-25 21:45:00,CAN_LAB,1.0,1,1,1,-5.25547445255474
2024-06-26 14:15:00,CAN_LAB,-2.0,6,1,6,-1.6812865497076
2024-06-26 21:45:00,CAN_LAB,3.0,6,1,6,0.88183421516755
2024-06-27 00:00:00,CAN_LAB,-2.0,6,1,6,0.32
2024-06-27 01:00:00,CAN_LAB,-2.0,6,1,6,-0.58737151248164
2024-06-27 21:15:00,CAN_LAB,-5.0,5,1,5,-9.80392156862745
2024-06-28 22:30:00,CAN_LAB,-0.4,6,1,6,-1.66975881261596
2024-06-30 19:45:00,CAN_LAB,-0.4,4,1,4,-1.37931034482758
2024-07-02 18:45:00,CAN_LAB,-0.4,4,1,4,-2.62008733624454
2024-07-03 23:00:00,CAN_LAB,-2.0,10,1,10,-23.3333333333333
2024-07-04 14:45:00,CAN_LAB,4.0,2,1,2,3.33333333333333
2024-07-04 15:30:00,CAN_LAB,-7.0,10,1,10,-5.55555555555555
2024-07-04 18:30:00,CAN_LAB,1.9,4,1,4,-0.69444444444445
2024-07-05 23:45:00,CAN_LAB,-7.0,10,1,10,-1.89873417721519
2024-07-06 16:15:00,CAN_LAB,-7.0,6,1,6,-3.06748466257669
2024-07-09 00:00:00,CAN_LAB,-7.0,6,1,6,-4.45859872611465
2024-07-09 15:30:00,CAN_LAB,-2.0,10,1,10,-2.19435736677116
2024-07-09 18:00:00,CAN_LAB,7.0,10,1,10,3.06748466257669
2024-07-09 20:15:00,CAN_LAB,-2.0,2,1,2,-2.36220472440945
2024-07-09 21:30:00,CAN_LAB,3.0,10,1,10,2.0891364902507
2024-07-09 21:45:00,CAN_LAB,3.0,10,1,10,2.06896551724138
2024-07-11 16:00:00,CAN_LAB,3.0,5,1,5,-0.15037593984963
2024-07-11 17:15:00,CAN_LAB,7.4,20,2,20,0.37174721189591
2024-07-11 17:45:00,CAN_LAB,5.4,24,3,24,2.14181721924426
2024-07-13 00:00:00,CAN_LAB,-2.0,6,1,6,-1.51975683890578
2024-07-16 12:30:00,CAN_LAB,1.0,1,1,1,4.32098765432099
2024-07-17 21:15:00,CAN_LAB,-6.5,1,1,1,-1.37254901960785
2024-07-18 00:15:00,CAN_LAB,3.4,4,1,4,-0.73349633251833
2024-07-18 16:30:00,CAN_LAB,-6.5,1,1,1,-1.37931034482759
2024-07-22 15:45:00,CAN_LAB,3.4,10,1,10,-1.73053152039555
2024-07-22 22:30:00,CAN_LAB,5.0,10,1,10,-1.07142857142857
2024-07-23 08:45:00,CAN_LAB,2.8,10,1,10,-4.65949820788531
2024-07-23 10:45:00,CAN_LAB,2.8,10,1,10,-1.66666666666667
2024-07-23 13:45:00,CAN_LAB,2.8,10,1,10,-1.94805194805195
2024-07-23 16:30:00,CAN_LAB,2.8,10,1,10,-6.6088840736728
2024-07-24 00:15:00,CAN_LAB,2.8,10,1,10,-0.64102564102564
2024-07-25 00:45:00,CAN_LAB,-2.0,10,1,10,0.0679347826086905
2024-07-25 09:45:00,CAN_LAB,-2.0,4,1,4,-0.72150072150072
2024-07-29 14:00:00,CAN_LAB,3.4,2,1,2,-1.58227848101266
2024-07-30 19:15:00,CAN_LAB,4.0,6,1,6,0.483091787439609
2024-07-30 21:15:00,CAN_LAB,5.0,8,1,8,1.05820105820106
2024-07-31 15:00:00,CAN_LAB,4.0,6,1,6,1.05820105820106
2024-07-31 19:15:00,CAN_LAB,2.8,5,1,5,-4.08921933085502
2024-08-01 20:00:00,CAN_LAB,-7.0,2,1,2,-5.36585365853659
2024-08-01 21:45:00,CAN_LAB,-7.0,2,1,2,-3.42857142857143
2024-08-02 17:15:00,CAN_LAB,4.0,6,1,6,3.24324324324325
2024-08-03 18:45:00,CAN_LAB,2.8,10,1,10,-2.92887029288703
2024-08-03 21:00:00,CAN_LAB,0.4,10,1,10,-5.14285714285714
2024-08-06 15:45:00,CAN_LAB,3.0,3,1,3,-1.1070110701107
2024-08-07 05:15:00,CAN_LAB,7.0,4,1,4,9.67741935483871
2024-08-07 19:00:00,CAN_LAB,3.4,2,1,2,4.72797927461139
2024-08-07 22:00:00,CAN_LAB,-2.0,10,1,10,-4.64333781965007
2024-08-08 09:45:00,CAN_LAB,3.5,5,1,5,-3.48837209302326
2024-08-08 11:15:00,CAN_LAB,3.4,2,1,2,4.61538461538462
2024-08-08 21:45:00,CAN_LAB,-6.5,2,1,2,-4.54545454545455
2024-08-08 22:00:00,CAN_LAB,-6.5,2,1,2,-5.66037735849057
2024-08-09 19:30:00,CAN_LAB,3.4,8,1,8,7.90513833992094
2024-08-12 13:00:00,CAN_LAB,-2.0,12,1,6,-2.15293244246473
2024-08-12 14:00:00,CAN_LAB,3.0,1,1,1,-2.51748251748252
2024-08-12 14:15:00,CAN_LAB,3.0,1,1,1,-2.50347705146036
2024-08-12 14:45:00,CAN_LAB,-6.5,10,1,10,-2.54452926208652
2024-08-12 16:45:00,CAN_LAB,2.8,10,1,10,-3.47490347490347
2024-08-12 21:45:00,CAN_LAB,-2.0,2,2,2,-0.156701521962765
2024-08-12 23:00:00,CAN_LAB,-5.0,2,1,2,-2.54545454545455
2024-08-13 09:30:00,CAN_LAB,8.0,20,2,20,0.973257400797815
2024-08-13 12:15:00,CAN_LAB,-5.0,2,1,2,-2.70602706027061
2024-08-13 15:15:00,CAN_LAB,3.0,1,1,1,-0.65789473684211
2024-08-13 15:45:00,CAN_LAB,-2.0,6,1,6,0.95824777549624
2024-08-13 18:30:00,CAN_LAB,10.0,2,1,2,-0.33670033670034
2024-08-13 22:30:00,CAN_LAB,-2.0,10,1,10,-0.64308681672026
2024-08-13 23:15:00,CAN_LAB,-10.0,2,1,2,-5.57103064066853
2024-08-14 00:15:00,CAN_LAB,-10.0,2,1,2,-5.55555555555555
2024-08-14 12:00:00,CAN_LAB,-10.0,6,1,6,-9.09090909090909
2024-08-15 16:45:00,CAN_LAB,0.0,8,1,8,-2.4822695035461
2024-08-15 22:30:00,CAN_LAB,3.4,5,1,5,-0.97087378640777
2024-08-16 04:45:00,CAN_LAB,3.4,5,1,5,-1.01694915254237
2024-08-17 15:30:00,CAN_LAB,1.9,5,1,5,-4.09356725146199
2024-08-19 14:00:00,CAN_LAB,-2.0,6,1,6,-3.50877192982456
2024-08-19 22:15:00,CAN_LAB,-7.0,10,1,10,-1.92982456140351
2024-08-19 22:30:00,CAN_LAB,1.9,2,1,2,-3.18237454100367
2024-08-20 15:30:00,CAN_LAB,3.4,8,1,8,0.46439628482972
2024-08-20 22:00:00,CAN_LAB,-0.4,3,1,3,-1.12107623318386
2024-08-21 07:00:00,CAN_LAB,-5.0,2,1,2,-7.76160776160776
2024-08-21 18:30:00,CAN_LAB,4.0,1,1,1,-3.79008746355685
2024-08-21 22:15:00,CAN_LAB,-0.4,3,1,3,-1.12107623318386
2024-08-22 12:45:00,CAN_LAB,-2.0,3,1,3,1.1165387299372
2024-08-22 15:45:00,CAN_LAB,3.0,4,1,4,-1.25687352710133
2024-08-22 20:15:00,CAN_LAB,4.0,5,1,5,-3.97058823529412
2024-08-24 05:45:00,CAN_LAB,3.2,4,1,4,-5.52529182879378
2024-08-26 17:45:00,CAN_LAB,-4.0,6,1,6,-0.11173184357542
2024-08-28 08:00:00,CAN_LAB,0.0,3,1,3,-1.1340206185567
2024-08-28 11:00:00,CAN_LAB,5.0,10,1,10,-4.81400437636762
2024-08-29 21:00:00,CAN_LAB,-5.0,10,1,10,-9.52380952380951
2024-09-01 13:30:00,CAN_LAB,-6.5,4,1,4,-2.27272727272727
2024-09-01 21:30:00,CAN_LAB,-10.0,5,1,5,1.72599784250269
2024-09-02 17:15:00,CAN_LAB,7.4,10,1,10,-2.42424242424242
2024-09-02 17:30:00,CAN_LAB,3.0,10,1,10,-0.76335877862595
2024-09-02 21:45:00,CAN_LAB,1.9,5,1,5,-1.37693631669536
2024-09-03 00:45:00,CAN_LAB,-6.5,1,1,1,-3.52748154224774
2024-09-03 08:45:00,CAN_LAB,3.4,2,1,2,0.0561797752809001
2024-09-03 17:45:00,CAN_LAB,-2.0,6,1,6,-1.38781804163454
2024-09-05 15:45:00,CAN_LAB,-6.5,5,1,5,-2.71604938271605
2024-09-05 22:00:00,CAN_LAB,-7.0,3,1,3,-2.93772032902468
2024-09-06 14:30:00,CAN_LAB,-7.0,3,1,3,-2.78372591006424
2024-09-06 22:45:00,CAN_LAB,-6.5,5,1,5,-3.23529411764705
2024-09-07 00:15:00,CAN_LAB,-10.0,4,1,4,-4.18160095579451
2024-09-08 02:00:00,CAN_LAB,1.0,10,1,10,0.19193857965451
2024-09-10 15:45:00,CAN_LAB,1.0,8,1,8,-2.64026402640264
2024-09-16 19:45:00,CAN_LAB,1.9,5,1,5,3.98230088495576
2024-09-16 22:30:00,CAN_LAB,1.0,6,1,6,0.0
2024-09-17 00:15:00,CAN_LAB,1.0,6,1,6,0.0
2024-09-17 08:30:00,CAN_LAB,3.0,12,1,6,11.7521367521367
2024-09-18 05:00:00,CAN_LAB,3.5,2,1,2,-4.59770114942529
2024-09-18 05:15:00,CAN_LAB,4.0,3,1,3,-14.2857142857143
2024-09-18 08:30:00,CAN_LAB,4.0,6,1,6,6.66666666666667
2024-09-18 13:00:00,CAN_LAB,3.5,3,1,3,-3.96039603960395
2024-09-22 20:45:00,CAN_LAB,-0.4,3,1,3,0.0
2024-09-23 16:30:00,CAN_LAB,8.0,10,1,10,2.96359017781541
2024-09-24 11:30:00,CAN_LAB,3.4,8,2,8,5.49529722625339
2024-09-25 18:45:00,CAN_LAB,3.4,16,2,16,5.50193562813579
2024-09-26 08:45:00,CAN_LAB,-2.0,10,1,10,-1.54867256637168
2024-09-27 11:00:00,CAN_LAB,3.4,2,1,2,7.2139303482587
2024-09-27 14:45:00,CAN_LAB,3.4,4,1,4,1.1764705882353
2024-09-27 18:45:00,CAN_LAB,-7.0,10,1,10,-2.98507462686567
2024-09-28 00:30:00,CAN_LAB,7.0,10,1,10,2.78637770897833
2024-10-01 08:30:00,CAN_LAB,5.0,6,1,6,3.01003344481605
2024-10-01 21:00:00,CAN_LAB,3.4,3,1,3,5.57184750733138
2024-10-02 02:15:00,CAN_LAB,7.4,2,1,2,-0.8955223880597
2024-10-02 05:15:00,CAN_LAB,-6.5,4,1,4,-1.31004366812227
2024-10-02 14:45:00,CAN_LAB,3.4,4,1,4,1.23190637511549
2024-10-02 20:00:00,CAN_LAB,-2.0,10,1,10,-6.68016194331984
2024-10-03 00:45:00,CAN_LAB,-2.0,10,1,10,-3.20427236315087
2024-10-04 07:30:00,CAN_LAB,-4.0,20,2,20,-2.30417498987942
2024-10-04 10:15:00,CAN_LAB,0.4,1,1,1,-4.81072555205047
2024-10-04 18:45:00,CAN_LAB,-4.0,1,1,1,-2.15517241379311
2024-10-04 20:15:00,CAN_LAB,2.8,5,1,5,2.67379679144385
2024-10-04 21:15:00,CAN_LAB,-4.0,10,1,10,-2.39382239382239
2024-10-04 23:15:00,CAN_LAB,-4.0,10,1,10,-4.87514863258027
2024-10-05 15:00:00,CAN_LAB,4.0,8,1,8,0.49099836333879
2024-10-06 22:30:00,CAN_LAB,-4.0,10,1,10,-2.38379022646007
2024-10-07 12:45:00,CAN_LAB,1.0,4,1,4,0.31201248049922
2024-10-08 00:30:00,CAN_LAB,-4.0,10,1,10,-2.40384615384616
2024-10-08 05:30:00,CAN_LAB,3.0,3,1,3,-4.90936555891239
2024-10-08 11:30:00,CAN_LAB,1.9,10,1,10,-0.75566750629723
2024-10-11 11:45:00,CAN_LAB,-2.0,2,1,2,-1.32547864506627
2024-10-11 19:30:00,CAN_LAB,7.4,2,1,2,-0.33670033670034
2024-10-16 22:30:00,CAN_LAB,5.0,10,1,10,-0.33812341504649
2024-10-16 23:15:00,CAN_LAB,5.0,10,1,10,-0.4359197907585
2024-10-17 01:15:00,CAN_LAB,-6.5,4,1,4,-5.0
2024-10-17 16:00:00,CAN_LAB,6.0,2,1,2,2.5
2024-10-20 23:00:00,CAN_LAB,-6.5,4,1,4,-3.04568527918782
2024-10-22 16:30:00,CAN_LAB,-4.4,5,1,5,3.3210332103321
2024-10-22 18:15:00,CAN_LAB,-2.0,10,1,10,-7.27272727272727
2024-10-23 16:45:00,CAN_LAB,3.4,4,2,4,-0.5154673415569
2024-10-24 14:15:00,CAN_LAB,3.5,8,2,8,-1.04537203396519
2024-10-24 15:00:00,CAN_LAB,4.0,8,1,4,-2.48447204968944
2024-10-28 18:15:00,CAN_LAB,-6.5,6,1,6,-2.56410256410257
2024-10-29 21:30:00,CAN_LAB,1.9,1,1,1,2.59365994236311
2024-10-31 08:30:00,CAN_LAB,3.0,2,1,2,-1.28205128205128
2024-11-01 08:30:00,CAN_LAB,7.4,3,1,3,-4.56047587574355
2024-11-02 07:00:00,CAN_LAB,-5.0,1,1,1,-2.39043824701195
2024-11-04 01:00:00,CAN_LAB,-3.0,20,2,20,-13.043785310734446
2024-11-04 19:15:00,CAN_LAB,-6.5,5,1,5,-3.40909090909091
2024-11-08 15:45:00,CAN_LAB,7.0,10,1,10,1.72248803827752
2024-11-09 18:15:00,CAN_LAB,7.0,10,1,10,-2.55754475703325
2024-11-10 07:30:00,CAN_LAB,7.0,10,1,10,-2.51256281407035
2024-11-11 00:30:00,CAN_LAB,7.0,10,1,10,-1.48148148148149
2024-11-11 08:30:00,CAN_LAB,-5.0,3,1,3,-4.46735395189004
2024-11-11 10:15:00,CAN_LAB,-5.0,1,1,1,-4.0133779264214
2024-11-11 14:15:00,CAN_LAB,-5.0,1,1,1,-5.32319391634981
2024-11-11 21:30:00,CAN_LAB,3.0,8,1,8,-0.81680280046674
2024-11-13 21:00:00,CAN_LAB,0.0,3,1,3,-2.31046931407942
2024-11-14 01:30:00,CAN_LAB,-9.0,10,1,10,-2.37288135593221
2024-11-14 19:15:00,CAN_LAB,-2.0,6,1,6,-2.95566502463054
2024-11-15 02:15:00,CAN_LAB,-2.0,6,1,6,-2.83505154639175
2024-11-15 12:45:00,CAN_LAB,3.0,4,1,4,0.26525198938992
2024-11-17 18:30:00,CAN_LAB,-2.0,6,1,6,-2.77777777777777
2024-11-17 23:45:00,CAN_LAB,7.0,4,2,4,-0.7741935483871
2024-11-18 00:00:00,CAN_LAB,7.0,4,2,4,-0.7741935483871
2024-11-18 14:30:00,CAN_LAB,-4.4,6,1,6,-1.54258886653252
2024-11-18 15:30:00,CAN_LAB,-0.5,10,2,6,-3.60757680937101
2024-11-18 16:30:00,CAN_LAB,-5.0,4,2,4,-4.21499292786422
2024-11-18 20:45:00,CAN_LAB,-5.0,2,1,2,-4.04191616766467
2024-11-19 00:30:00,CAN_LAB,-5.0,2,1,2,-4.63576158940397
2024-11-19 02:15:00,CAN_LAB,-5.0,2,1,2,-4.0
2024-11-19 14:30:00,CAN_LAB,-5.0,10,1,10,-1.20481927710843
2024-11-19 17:15:00,CAN_LAB,4.0,6,1,6,-1.1164274322169
2024-11-19 23:45:00,CAN_LAB,-10.0,2,1,2,-6.82492581602374
2024-11-20 00:15:00,CAN_LAB,-10.0,2,1,2,-6.82492581602374
2024-11-20 18:30:00,CAN_LAB,1.0,6,1,6,1.11464968152867
2024-11-20 21:30:00,CAN_LAB,3.5,2,1,2,4.40528634361233
2024-11-21 09:30:00,CAN_LAB,-5.0,2,1,2,-3.64741641337386
2024-11-22 02:15:00,CAN_LAB,-6.5,4,1,4,-2.86396181384249
2024-11-22 14:15:00,CAN_LAB,-0.4,6,1,6,0.0
2024-11-22 22:15:00,CAN_LAB,8.0,4,1,4,0.5181347150259
2024-11-25 12:30:00,CAN_LAB,3.4,5,1,5,-2.05882352941177
2024-11-25 23:00:00,CAN_LAB,-2.0,10,1,10,-0.34989503149055
2024-11-25 23:15:00,CAN_LAB,-2.0,10,1,10,-9.32203389830507
2024-11-26 00:15:00,CAN_LAB,-2.0,10,1,10,-10.5263157894736
2024-11-26 05:30:00,CAN_LAB,-2.0,10,1,10,-7.27272727272727
2024-11-26 13:00:00,CAN_LAB,3.4,10,1,10,-0.48985304408677
2024-11-26 17:00:00,CAN_LAB,-5.0,5,1,5,0.0
2024-11-26 18:45:00,CAN_LAB,-2.0,10,1,10,-5.94059405940594
2024-11-26 19:45:00,CAN_LAB,-2.0,40,2,40,-0.5921384936984634
2024-11-26 23:00:00,CAN_LAB,-2.0,6,1,6,-4.58656330749354
2024-11-27 22:15:00,CAN_LAB,4.0,5,1,5,-0.64
2024-11-28 01:30:00,CAN_LAB,-2.0,10,1,10,-7.88177339901478
2024-11-29 01:15:00,CAN_LAB,-7.0,5,1,5,-2.51665433012584
2024-12-02 17:00:00,CAN_LAB,8.3,10,1,10,3.53658536585365
2024-12-03 20:15:00,CAN_LAB,1.2500000000000004,9,2,9,-1.600549882168104
2024-12-03 20:30:00,CAN_LAB,0.0,6,1,6,-2.11267605633803
2024-12-03 20:45:00,CAN_LAB,-5.8,4,1,4,-4.02684563758389
2024-12-04 00:00:00,CAN_LAB,1.9,2,1,2,-1.67364016736401
2024-12-04 20:15:00,CAN_LAB,-6.5,1,1,1,-1.98019801980198
2024-12-05 14:30:00,CAN_LAB,3.4,10,1,10,-0.12771392081737
2024-12-07 12:30:00,CAN_LAB,3.4,1,1,1,-0.12562814070352
2024-12-07 14:45:00,CAN_LAB,8.0,4,1,4,5.4945054945055
2024-12-09 19:30:00,CAN_LAB,5.0,10,1,10,0.81967213114754
2024-12-11 05:15:00,CAN_LAB,-9.0,8,1,8,-4.79302832244009
2024-12-11 22:30:00,CAN_LAB,-6.5,4,1,4,-3.49854227405248
2024-12-12 23:00:00,CAN_LAB,5.2,1,1,1,-1.9578313253012
2024-12-13 03:30:00,CAN_LAB,5.0,2,1,2,-0.22935779816514
2024-12-13 10:30:00,CAN_LAB,-2.0,4,1,2,-1.11111111111111
2024-12-13 20:45:00,CAN_LAB,-5.0,2,1,2,-10.5702364394993
2024-12-13 23:45:00,CAN_LAB,-5.0,2,1,2,-10.5263157894736
2024-12-14 00:15:00,CAN_LAB,-5.0,2,1,2,-10.5702364394993
2024-12-15 00:15:00,CAN_LAB,3.0,6,1,3,-2.10696920583468
2024-12-17 15:45:00,CAN_LAB,-1.0,16,4,16,-1.41119399857508
2024-12-19 18:45:00,CAN_LAB,3.0,3,1,3,-0.37878787878788
2024-12-20 14:30:00,CAN_LAB,3.0,5,1,5,1.06737825216812
2024-12-20 23:15:00,CAN_LAB,3.4,3,1,3,-2.25
