date_time,record_id,open_issues,new_issues,closed_issues,avg_age_open_issues_hr,issue_comment_volume,open_prs,new_prs,merged_prs,avg_age_open_prs_hr,pr_comment_volume
2015-01-05 17:05:26,facebook/react,0,0,0,0.0,0,0,0,0,0.0,0
2015-01-19 17:05:26,facebook/react,17,45,28,0.0,270,-5,29,34,28.41277777777778,29
2015-01-26 17:05:26,facebook/react,24,29,22,0.0,242,6,33,22,128.57412393162392,30
2015-02-02 17:05:26,facebook/react,38,32,18,0.0,302,23,44,27,214.1332196969697,27
2015-02-09 17:05:26,facebook/react,43,27,22,0.0,285,24,34,33,294.221796875,43
2015-02-16 17:05:26,facebook/react,51,21,13,0.0,277,38,37,23,356.72795893719814,52
2015-02-23 17:05:26,facebook/react,56,31,26,37.735277777777775,290,43,41,36,439.14988791423,47
2015-03-09 17:05:26,facebook/react,32,52,76,373.73527777777775,563,83,64,24,620.8438924501424,80
2015-03-16 17:05:26,facebook/react,36,37,33,541.7352777777778,376,76,34,41,733.105977124183,38
2015-03-23 17:05:26,facebook/react,49,30,17,709.7352777777778,225,86,34,24,810.2586487268519,25
2015-03-30 17:05:26,facebook/react,57,24,16,877.7352777777778,285,94,39,31,909.4364610042736,18
2015-04-06 17:05:26,facebook/react,-21,25,103,1045.7352777777778,364,101,33,26,990.477022417154,37
2015-04-20 17:05:26,facebook/react,-18,53,50,1381.7352777777778,534,117,53,37,1200.6110069444444,54
2015-04-27 17:05:26,facebook/react,-10,25,17,1549.7352777777778,218,124,25,18,1284.687889294404,15
2015-05-11 17:05:26,facebook/react,-11,49,50,1885.7352777777776,552,151,57,30,1429.2585566104076,138
2015-05-25 17:05:26,facebook/react,4,48,33,1164.1586111111112,385,164,49,36,1640.1305198180637,45
2015-06-08 17:05:26,facebook/react,8,51,47,1097.7240740740742,552,183,61,42,1829.3354719235365,152
2015-06-15 17:05:26,facebook/react,10,35,33,1265.724074074074,299,194,41,30,1890.5773110547093,36
2015-06-29 17:05:26,facebook/react,16,54,48,1270.3149305555553,588,213,63,44,2080.4760744234804,64
2015-07-06 17:05:26,facebook/react,25,26,17,1438.3149305555553,240,218,32,27,2150.23704954955,14
2015-07-20 17:05:26,facebook/react,28,63,60,1774.3149305555553,531,232,65,51,2395.6369047619046,46
2015-08-03 17:05:26,facebook/react,22,65,71,1751.5276666666664,606,237,53,48,2596.6436794171223,66
2015-08-17 17:05:26,facebook/react,29,52,45,1366.623854166667,440,243,44,38,2854.92008078796,41
2015-08-31 17:05:26,facebook/react,26,47,50,1702.623854166667,454,257,50,36,3023.159908103592,39
2015-09-07 17:05:26,facebook/react,31,46,41,1680.406172839506,257,263,35,29,3123.249253472222,11
2015-09-21 17:05:26,facebook/react,42,75,64,2016.4061728395056,472,275,45,33,3335.0341264232425,66
2015-09-28 17:05:26,facebook/react,36,32,38,2184.4061728395063,323,282,35,28,3455.918360433604,49
2015-10-05 17:05:26,facebook/react,23,34,47,2352.4061728395063,408,291,43,34,3528.371072504708,67
2015-10-12 17:05:26,facebook/react,17,46,52,2520.4061728395063,388,296,46,41,3589.331829312865,35
2015-10-26 17:05:26,facebook/react,16,75,76,2856.4061728395063,695,315,65,46,3682.151788888889,84
2015-11-02 17:05:26,facebook/react,30,40,26,2738.104611111111,351,330,43,28,3759.871634134135,24
2015-11-16 17:05:26,facebook/react,23,66,73,3074.104611111111,775,344,51,37,3893.718905508073,106
2015-11-30 17:05:26,facebook/react,25,43,41,3410.104611111111,427,357,42,29,4053.964764607932,32
2015-12-14 17:05:26,facebook/react,27,51,49,3746.104611111111,468,378,48,27,4170.681236003445,22
2015-12-28 17:05:26,facebook/react,23,37,41,3726.3328030303023,502,384,44,38,4419.867309423347,91
2016-01-11 17:05:26,facebook/react,28,47,42,4062.3328030303023,478,404,35,15,4610.33856958061,60
2016-01-25 17:05:26,facebook/react,24,48,52,4398.332803030303,541,426,49,27,4703.406860465117,84
2016-02-08 17:05:26,facebook/react,25,55,54,4734.332803030303,511,442,38,22,4853.2083998260005,74
2016-02-22 17:05:26,facebook/react,-14,49,88,5070.332803030303,572,446,37,33,5079.961011427183,95
2016-03-07 17:05:26,facebook/react,-7,64,57,5406.332803030303,713,470,61,37,5219.141032748538,124
2016-03-21 17:05:26,facebook/react,-24,57,74,4886.690235042735,522,492,51,29,5390.869067460318,29
2016-04-04 17:05:26,facebook/react,-38,45,59,4869.870912698411,922,516,60,36,5488.392360026041,106
2016-04-11 17:05:26,facebook/react,-23,46,31,4708.304648148147,410,527,35,24,5528.6833211407975,67
2016-04-25 17:05:26,facebook/react,-30,68,75,4739.692048611111,743,556,55,26,5625.131877919968,70
2016-05-09 17:05:26,facebook/react,-27,58,55,4536.713348765432,785,569,67,54,5786.35054176517,222
2016-05-16 17:05:26,facebook/react,-22,19,14,4704.713348765432,304,574,29,24,5872.158277972028,59
2016-05-30 17:05:26,facebook/react,-11,61,50,4780.128070175439,809,600,78,52,5926.763305092592,186
2016-06-06 17:05:26,facebook/react,-1,28,18,4488.99917989418,340,621,40,19,5987.213442898709,103
2016-06-20 17:05:26,facebook/react,-16,51,66,4614.307765151516,622,636,56,41,6136.902652998236,105
2016-07-04 17:05:26,facebook/react,-13,54,51,4741.90061594203,634,660,49,25,6269.236247653183,347
2016-07-11 17:05:26,facebook/react,-7,32,26,4709.096469907408,352,670,30,20,6322.211256913022,58
2016-07-18 17:05:26,facebook/react,3,25,15,4511.47125,251,676,27,21,6423.524905887231,39
2016-08-01 17:05:26,facebook/react,23,51,31,4220.801259259259,484,694,42,24,6578.960530962748,56
2016-08-15 17:05:26,facebook/react,34,43,32,4411.709578853046,503,722,67,39,6707.514488201281,163
2016-08-29 17:05:26,facebook/react,41,37,30,4747.709578853046,408,733,56,45,6929.42383279545,177
2016-09-12 17:05:26,facebook/react,42,38,37,4928.3897916666665,691,744,60,49,7101.353372372372,311
2016-09-26 17:05:26,facebook/react,60,61,43,5109.837045454546,428,760,44,28,7293.87860522443,128
2016-10-03 17:05:26,facebook/react,64,17,13,5277.837045454546,183,763,20,17,7384.497777413719,21
2016-10-10 17:05:26,facebook/react,72,23,15,5139.812738095238,321,782,52,33,7399.436902367707,321
2016-10-17 17:05:26,facebook/react,75,13,10,5160.808942901234,252,793,47,36,7463.36877320675,344
2016-10-18 17:05:26,facebook/react,75,3,3,5045.13069069069,62,798,13,8,7440.385507337525,80
2016-10-19 17:05:26,facebook/react,80,5,0,4936.044612573099,34,801,6,3,7445.689479994423,22
2016-10-20 17:05:26,facebook/react,81,5,4,4960.044612573099,41,803,3,1,7460.33951336675,30
2016-10-21 17:05:26,facebook/react,80,2,3,4984.044612573099,55,803,4,4,7456.357739977805,9
2016-10-22 17:05:26,facebook/react,82,3,1,5008.044612573099,47,817,14,0,7461.769458627369,4
2016-10-23 17:05:26,facebook/react,49,5,38,5032.044612573099,138,807,11,21,7485.769458627369,3
2016-10-24 17:05:26,facebook/react,48,3,4,5056.044612573099,80,811,9,5,7472.583082059755,1
2016-10-25 17:05:26,facebook/react,49,4,3,5080.044612573099,53,815,12,8,7459.644032744211,23
2016-10-26 17:05:26,facebook/react,49,3,3,5104.044612573099,90,821,15,9,7428.753506391949,35
2016-10-27 17:05:26,facebook/react,-25,4,78,4996.726082621082,176,821,11,11,7443.665770510731,31
2016-11-03 17:05:26,facebook/react,-19,15,9,5164.726082621082,323,843,54,32,7467.067695510259,107
2016-11-10 17:05:26,facebook/react,-17,14,12,5332.726082621082,265,849,46,40,7519.484122064803,44
2016-11-17 17:05:26,facebook/react,-8,31,22,5363.669048611111,324,868,44,25,7546.355584202394,77
2016-11-24 17:05:26,facebook/react,2,29,19,5531.669048611111,409,876,50,42,7644.469720308713,106
2016-12-01 17:05:26,facebook/react,12,24,14,5563.975216802168,204,886,36,26,7690.603942875079,41
2016-12-15 17:05:26,facebook/react,21,46,37,5634.073165374677,438,909,61,38,7861.369052052605,166
2016-12-29 17:05:26,facebook/react,21,17,17,5970.073165374677,344,933,54,30,8075.251587993222,198
2017-01-05 17:05:26,facebook/react,33,18,6,6138.073165374678,277,938,25,20,8190.382340969216,74
2017-01-12 17:05:26,facebook/react,40,26,19,6164.038686868688,407,944,39,33,8260.689850267381,258
2017-01-19 17:05:26,facebook/react,42,26,24,6332.038686868688,424,960,39,23,8297.391280116959,103
2017-01-26 17:05:26,facebook/react,41,15,16,6359.321932098767,308,964,31,27,8378.12253125,99
2017-02-02 17:05:26,facebook/react,24,15,32,6527.321932098767,261,965,28,27,8510.826625749192,59
2017-02-09 17:05:26,facebook/react,20,16,20,6551.153882850245,208,977,37,25,8590.315227583846,75
2017-02-23 17:05:26,facebook/react,25,28,23,6603.668142361112,358,994,53,36,8784.833288439953,85
2017-03-02 17:05:26,facebook/react,29,18,14,6771.668142361112,191,995,24,23,8908.359146566165,46
2017-03-16 17:05:26,facebook/react,47,44,26,6703.755021786493,409,1015,49,29,9091.625232762406,150
2017-03-30 17:05:26,facebook/react,48,42,41,6909.008872863249,499,1036,57,36,9292.021581467056,78
2017-04-06 17:05:26,facebook/react,51,24,21,6946.516540880504,260,1048,36,24,9351.809886108438,75
2017-04-07 17:05:26,facebook/react,52,3,2,6970.516540880504,58,1050,7,5,9375.809886108438,13
2017-04-08 17:05:26,facebook/react,50,6,8,6994.516540880504,58,1052,7,5,9381.77142944818,5
2017-04-09 17:05:26,facebook/react,51,4,3,7018.516540880504,30,1054,5,3,9387.764406093533,1
2017-04-16 17:05:26,facebook/react,44,18,25,6929.990974747475,304,1068,36,22,9456.901098197344,129
2017-04-23 17:05:26,facebook/react,26,24,42,6972.321388888888,450,1070,36,34,9526.131488523732,108
2017-04-30 17:05:26,facebook/react,41,24,9,7140.321388888888,265,1080,36,26,9569.351067346308,73
2017-05-07 17:05:26,facebook/react,41,28,28,7308.321388888888,241,1088,27,19,9657.6953296058,43
2017-05-21 17:05:26,facebook/react,61,55,35,7514.724356725146,368,1122,64,30,9771.3940738245,64
2017-05-28 17:05:26,facebook/react,67,22,16,7682.724356725146,241,1125,36,33,9877.770795386905,73
2017-06-04 17:05:26,facebook/react,76,24,15,7588.194246704331,202,1129,24,20,10010.302198003164,54
2017-06-05 17:05:26,facebook/react,77,2,1,7612.194246704331,25,1125,4,8,10016.484968916518,4
2017-06-12 17:05:26,facebook/react,80,29,26,7529.886083788706,202,1137,46,34,10060.329687865496,80
2017-06-19 17:05:26,facebook/react,69,30,41,7697.886083788706,305,1150,45,32,10096.718997595,73
2017-07-03 17:05:26,facebook/react,89,42,22,7785.333126102292,296,1163,47,34,10326.48481695706,122
2017-07-17 17:05:26,facebook/react,36,52,105,7878.25720940171,635,1184,49,28,10511.07913475976,81
2017-07-24 17:05:26,facebook/react,42,27,21,7926.450298821549,359,1204,39,19,10537.672748148148,173
2017-07-31 17:05:26,facebook/react,37,27,32,8094.45029882155,447,1208,34,30,10635.508340231789,78
2017-08-07 17:05:26,facebook/react,34,28,31,8021.773018790851,419,1208,38,38,10759.282249015296,208
2017-08-14 17:05:26,facebook/react,39,28,23,8189.773018790851,362,1216,29,21,10882.889794973546,83
2017-08-28 17:05:26,facebook/react,53,50,36,8288.543456349207,466,1233,47,30,11067.17897908232,139
2017-09-04 17:05:26,facebook/react,57,17,13,8338.990473395932,160,1235,27,25,11190.196499103942,91
2017-09-11 17:05:26,facebook/react,53,29,33,8389.528159722222,298,1243,40,32,11223.311007746792,54
2017-09-25 17:05:26,facebook/react,25,54,82,8609.856940639269,626,1293,84,34,11258.992611843803,226
2017-09-26 17:05:26,facebook/react,22,4,7,8633.856940639269,82,1296,15,12,11230.772596096094,95
2017-09-27 17:05:26,facebook/react,28,21,15,8540.909966216217,161,1298,29,27,11211.553817307691,13
2017-09-28 17:05:26,facebook/react,33,14,9,8564.909966216217,227,1298,23,23,11209.704031508483,21
2017-10-05 17:05:26,facebook/react,-205,102,340,8393.712644300145,1243,1319,93,72,11173.673536171817,109
2017-10-12 17:05:26,facebook/react,-272,43,110,8561.712644300145,615,1331,38,26,11232.68659411277,98
2017-10-19 17:05:26,facebook/react,-266,32,26,8619.836050569802,205,1340,42,33,11308.51832366971,201
2017-10-26 17:05:26,facebook/react,-257,34,25,8463.162232510289,312,1362,55,33,11367.842808936131,88
2017-11-02 17:05:26,facebook/react,-257,32,32,8327.093373015872,389,1363,24,23,11502.418059007472,160
2017-11-09 17:05:26,facebook/react,-269,32,44,8111.636553030302,412,1366,40,37,11628.346662620375,84
2017-11-23 17:05:26,facebook/react,-248,70,49,8002.321099163681,707,1393,70,43,11736.349959722222,217
2017-11-30 17:05:26,facebook/react,-244,33,29,7835.959971363115,421,1396,44,41,11837.145115017362,98
2017-12-07 17:05:26,facebook/react,-236,26,18,8003.959971363115,292,1412,45,29,11879.569138361834,120
2017-12-21 17:05:26,facebook/react,-213,56,33,7863.717081984895,466,1436,51,27,12073.238733217591,174
2018-01-04 17:05:26,facebook/react,-248,41,76,8047.485846560847,572,1444,18,10,12383.678333525831,51
2018-01-18 17:05:26,facebook/react,-268,42,62,8229.729517133957,632,1442,38,40,12598.807520590257,144
2018-02-01 17:05:26,facebook/react,-265,53,50,8411.801814475026,444,1454,36,24,12822.247631330312,88
2018-02-15 17:05:26,facebook/react,-256,53,44,8670.101722222222,469,1467,43,30,13044.246609725033,110
2018-03-01 17:05:26,facebook/react,-243,48,35,8851.154446924604,278,1477,27,17,13318.054910141684,45
2018-03-15 17:05:26,facebook/react,-236,41,34,8874.843036398466,342,1487,24,14,13572.808349640502,144
2018-03-29 17:05:26,facebook/react,-242,46,52,9056.71075800377,410,1498,47,36,13808.92080003679,122
2018-04-12 17:05:26,facebook/react,-234,55,47,8879.196817777778,418,1506,38,30,14052.807018823098,81
2018-04-26 17:05:26,facebook/react,-214,54,34,8362.88471215781,368,1515,26,17,14305.056243550613,100
2018-05-10 17:05:26,facebook/react,-209,45,40,8344.547696759259,300,1523,22,14,14528.208715480569,149
2018-05-17 17:05:26,facebook/react,-211,20,22,8454.878051724138,226,1527,41,37,14601.877379468444,55
2018-05-31 17:05:26,facebook/react,-206,47,42,8615.758410285283,488,1539,52,40,14805.56414714235,135
2018-06-14 17:05:26,facebook/react,-197,52,43,8663.793997821349,468,1546,29,22,15037.0553660815,99
2018-06-28 17:05:26,facebook/react,-217,40,60,8772.16436836518,379,1557,30,19,15286.468801962845,91
2018-07-12 17:05:26,facebook/react,-215,24,22,9051.021371308016,265,1572,46,31,15468.056127593863,112
2018-07-26 17:05:26,facebook/react,-211,36,32,9051.476089092144,308,1586,36,22,15668.435578603372,92
2018-08-09 17:05:26,facebook/react,-290,33,112,9275.840578982596,539,1587,34,33,15877.731008224137,91
2018-08-23 17:05:26,facebook/react,-325,49,84,9227.573969171484,606,1593,55,49,16028.465454530122,367
2018-09-06 17:05:26,facebook/react,-329,38,42,9349.229938794728,772,1603,49,39,16228.0787974112,96
2018-09-20 17:05:26,facebook/react,-317,48,36,9322.138137077294,523,1624,56,35,16282.498399737018,81
2018-10-04 17:05:26,facebook/react,-313,27,23,9554.927725507763,318,1641,36,19,16435.734440706063,115
2018-10-18 17:05:26,facebook/react,-295,41,23,9587.94222800926,302,1663,38,16,16588.96823559671,94
2018-11-01 17:05:26,facebook/react,-260,95,60,9214.383366881371,567,1682,65,46,16686.170794669455,72
2018-11-15 17:05:26,facebook/react,-272,87,99,8917.190128878878,753,1706,70,46,16757.006005677213,140
2018-11-29 17:05:26,facebook/react,-265,60,53,8934.046427536232,430,1721,38,23,16979.821982865466,93
2018-12-13 17:05:26,facebook/react,-259,37,31,9154.52900572246,332,1724,19,16,17239.788594145226,52
2018-12-27 17:05:26,facebook/react,-245,47,33,9332.599823019222,251,1729,12,7,17508.41564481932,18
2019-01-10 17:05:26,facebook/react,-229,44,28,9247.046498655916,218,1741,17,5,17756.64994863328,4
2019-01-24 17:05:26,facebook/react,-245,47,63,9507.197153333334,536,1766,64,39,17762.152489945376,150
2019-02-07 17:05:26,facebook/react,-227,61,43,9580.30137159533,445,1771,24,19,18020.737426334348,83
2019-02-21 17:05:26,facebook/react,-244,81,98,9916.30137159533,680,1788,45,28,18201.25117051852,97
2019-03-07 17:05:26,facebook/react,-234,79,69,10135.49661111111,706,1813,61,36,18362.33126386688,127
2019-03-21 17:05:26,facebook/react,-228,72,66,10238.120505430245,589,1830,53,36,18552.579951228745,198
2019-04-04 17:05:26,facebook/react,-206,84,62,10306.214206349208,586,1841,56,45,18704.29383367929,156
2019-04-18 17:05:26,facebook/react,-190,60,44,10565.841522222225,447,1867,65,39,18808.13996298195,99
2019-05-02 17:05:26,facebook/react,-169,48,27,10824.088023465703,427,1883,65,49,18970.25705011004,61
2019-05-16 17:05:26,facebook/react,-157,60,48,11120.657847721825,387,1897,50,36,19151.723278897287,136
2019-05-30 17:05:26,facebook/react,-141,48,32,11375.983692460317,400,1910,64,51,19352.01204616197,149
2019-06-13 17:05:26,facebook/react,-130,45,34,11711.983692460317,398,1931,52,31,19513.873271497825,37
2019-06-27 17:05:26,facebook/react,-104,59,33,11962.87721926714,530,1947,75,59,19694.59497239985,89
2019-07-11 17:05:26,facebook/react,-82,54,32,12255.64724577935,343,1962,46,31,19885.122540690107,61
2019-07-25 17:05:26,facebook/react,-59,54,31,12591.64724577935,368,1971,42,33,20143.27715980329,89
2019-08-08 17:05:26,facebook/react,-45,57,43,12927.64724577935,485,1989,54,36,20351.832785161914,109
2019-08-15 17:05:26,facebook/react,-74,41,70,12959.268396464648,313,1995,44,38,20440.98821778206,70
2019-08-29 17:05:26,facebook/react,1,143,68,12014.341651770066,648,2011,55,39,20610.02543775868,159
2019-09-12 17:05:26,facebook/react,-76,76,153,12235.159578125002,641,2035,69,45,20700.51697603692,188
2019-09-26 17:05:26,facebook/react,-75,65,64,12493.250312284335,570,2043,68,60,20909.189636100684,87
2019-10-10 17:05:26,facebook/react,-44,88,57,12636.523065749236,492,2076,68,35,20962.66874196617,57
2019-10-24 17:05:26,facebook/react,-25,57,38,12894.566529888552,442,2094,54,36,21162.8517862069,39
2019-11-07 17:05:26,facebook/react,-3,83,61,12957.80890707672,526,2108,44,30,21353.007157914763,69
2019-11-21 17:05:26,facebook/react,29,70,38,13177.542697476238,521,2130,50,28,21504.24936119913,74
2019-12-05 17:05:26,facebook/react,50,83,62,13436.17917236885,454,2147,30,13,21684.474381647942,61
2019-12-19 17:05:26,facebook/react,62,78,66,13693.036771137024,574,2159,49,37,21912.936262422976,126
2020-01-02 17:05:26,facebook/react,50,68,80,14029.036771137024,412,2164,26,21,22180.09988185466,14
2020-01-16 17:05:26,facebook/react,29,61,82,14282.128871175522,1080,2166,36,34,22456.37770885826,66
2020-01-30 17:05:26,facebook/react,-200,39,268,14452.182954473095,859,2185,44,25,22662.493964657628,76
2020-02-13 17:05:26,facebook/react,-203,41,44,14746.779925396826,535,2196,52,41,22858.041478226907,94
2020-02-27 17:05:26,facebook/react,-215,57,69,14749.407928305402,675,2206,59,49,23073.34828440657,180
2020-03-12 17:05:26,facebook/react,-215,59,59,14881.244370217324,755,2217,68,57,23257.842320644573,181
2020-03-26 17:05:26,facebook/react,-230,32,47,15175.490757020758,647,2231,73,59,23432.440209621007,217
2020-04-02 17:05:26,facebook/react,-240,30,40,15260.20299180328,480,2233,41,39,23549.85905706157,135
2020-04-09 17:05:26,facebook/react,-241,33,34,15303.662558717257,514,2240,53,46,23586.299276969527,116
2020-04-16 17:05:26,facebook/react,-244,28,31,15429.90549024024,423,2263,55,32,23623.40968782506,112
2020-04-30 17:05:26,facebook/react,-238,64,58,15682.17546445639,742,2290,78,51,23679.58481391926,217
2020-05-07 17:05:26,facebook/react,-226,32,20,15807.872349568066,318,2294,37,33,23757.92551796769,122
2020-05-21 17:05:26,facebook/react,-222,59,55,15973.9689294135,609,2306,56,44,23964.299615625,117
2020-06-04 17:05:26,facebook/react,-217,53,48,16055.93989483609,572,2317,48,37,24170.29940921858,42
2020-06-18 17:05:26,facebook/react,-200,43,26,16061.900665672068,314,2338,29,8,24316.222350831504,34
2020-07-02 17:05:26,facebook/react,-218,36,54,16274.149845600676,459,2352,46,32,24521.988648148144,184
2020-07-16 17:05:26,facebook/react,-236,64,82,16568.890386779185,815,2378,78,52,24558.423866666668,169
2020-07-30 17:05:26,facebook/react,-259,45,68,16862.806792929292,603,2397,60,41,24647.388173777777,133
2020-08-13 17:05:26,facebook/react,-273,41,55,17155.618812622448,668,2428,70,39,24747.656287198453,159
2020-08-27 17:05:26,facebook/react,-277,44,48,17405.29981133389,595,2442,49,35,24907.39922480112,115
2020-09-10 17:05:26,facebook/react,-282,44,49,17696.955550000002,541,2464,50,28,25018.18963082088,98
2020-09-24 17:05:26,facebook/react,-274,47,39,17768.738381226056,612,2481,44,27,25169.010044182145,115
2020-10-08 17:05:26,facebook/react,-259,41,26,18016.15421909041,487,2502,40,19,25300.90061420345,37
2020-10-22 17:05:26,facebook/react,-267,45,53,17959.196795896616,737,2516,49,35,25452.66411659468,109
2020-11-05 17:05:26,facebook/react,-255,54,42,17870.80030640125,512,2530,29,15,25662.68308220621,18
2020-11-19 17:05:26,facebook/react,-245,62,52,17998.488927469138,543,2561,67,36,25708.55229325501,60
2020-12-03 17:05:26,facebook/react,-235,41,31,18250.833968253966,313,2572,23,12,25947.96806779977,40
2020-12-17 17:05:26,facebook/react,-222,47,34,18460.796020213576,464,2596,63,39,26099.99915121168,151
2020-12-31 17:05:26,facebook/react,-222,23,23,18669.812594065654,376,2612,23,7,26261.56422756489,83
2021-01-14 17:05:26,facebook/react,-216,36,30,19005.812594065654,297,2630,29,11,26442.712605921854,56
2021-01-28 17:05:26,facebook/react,-209,43,36,19211.37056119889,428,2642,46,34,26662.0992812424,86
2021-02-11 17:05:26,facebook/react,-191,45,27,19373.465033557044,351,2661,66,47,26745.58057492373,81
2021-02-25 17:05:26,facebook/react,-192,49,50,19492.218867379543,314,2675,30,16,26946.159451833213,47
2021-03-11 17:05:26,facebook/react,-181,37,26,19571.086169335274,285,2696,44,23,27098.394365206863,113
2021-03-25 17:05:26,facebook/react,-238,52,109,19651.07602310824,482,2713,64,47,27260.31004375074,110
2021-04-08 17:05:26,facebook/react,-230,39,31,19944.56790800478,441,2726,54,41,27479.77287275796,80
2021-04-22 17:05:26,facebook/react,-222,55,47,19982.81660722693,268,2737,63,52,27650.552120103777,62
2021-05-06 17:05:26,facebook/react,-221,60,59,19982.373541666668,362,2750,50,37,27812.18542151276,28
2021-05-20 17:05:26,facebook/react,-226,28,33,20152.719583907256,238,2764,29,15,27993.067460868227,10
2021-06-03 17:05:26,facebook/react,-225,33,32,20321.636948428964,238,2780,40,24,28183.13007440648,57
2021-06-17 17:05:26,facebook/react,-219,34,28,20408.352414529912,314,2791,43,32,28373.19070236188,33
2021-07-01 17:05:26,facebook/react,-204,45,30,20497.84768444444,229,2805,36,22,28592.129695622432,50
2021-07-15 17:05:26,facebook/react,-192,55,43,20710.84169096532,381,2815,48,38,28790.85498184706,65
2021-07-29 17:05:26,facebook/react,-174,47,29,20720.10396444879,404,2835,46,26,28979.881041690183,68
2021-08-12 17:05:26,facebook/react,-167,30,23,20813.081845046207,299,2866,58,27,28964.345996431355,152
2021-08-26 17:05:26,facebook/react,-156,40,29,20790.134150823826,354,2880,48,34,29164.507709882702,77
2021-09-09 17:05:26,facebook/react,-155,38,37,20850.361163748174,300,2886,38,32,29354.856736893456,155
2021-09-23 17:05:26,facebook/react,-140,37,22,20914.090941358023,434,2924,86,48,29294.556031019583,153
2021-10-07 17:05:26,facebook/react,-132,39,31,21019.07082773708,320,2949,59,34,29354.009244206965,104
2021-10-21 17:05:26,facebook/react,-129,13,10,21163.60021173624,116,2949,0,0,29690.009244206965,0
2021-11-04 17:05:26,facebook/react,-126,15,12,21345.00902252252,169,2962,28,15,29890.71610215631,26
2021-11-18 17:05:26,facebook/react,-109,39,22,21263.849484197097,345,2982,50,30,30005.402164,119
2021-12-02 17:05:26,facebook/react,-99,32,22,21338.43894560791,225,3003,38,17,30102.052643033512,78
2021-12-16 17:05:26,facebook/react,-102,71,74,21377.68711560528,270,3017,37,23,30275.463412009263,82
2021-12-30 17:05:26,facebook/react,-88,36,22,21566.453481956312,211,3045,35,7,30363.930895622365,24
2022-01-13 17:05:26,facebook/react,-84,37,33,21754.73541737408,477,3052,16,9,30604.641247441632,3
2022-01-27 17:05:26,facebook/react,-72,46,34,21869.91604014939,292,3082,46,16,30645.617796158866,46
2022-02-10 17:05:26,facebook/react,-56,33,17,21805.900543179312,224,3101,36,17,30801.498517180724,85
2022-02-24 17:05:26,facebook/react,-52,29,25,21962.592506364792,252,3128,49,22,30873.149300941448,49
2022-03-10 17:05:26,facebook/react,309,439,78,13925.586230925735,1605,3154,55,29,30983.86091418726,137
2022-03-24 17:05:26,facebook/react,311,38,36,14119.893811402037,236,3166,39,27,31132.32939674185,60
2022-04-07 17:05:26,facebook/react,278,55,88,14369.965759648538,577,3203,69,32,31160.99071007876,106
2022-04-14 17:05:26,facebook/react,277,30,31,14437.158828142256,333,3216,42,29,31134.84507308211,113
2022-04-28 17:05:26,facebook/react,280,40,37,14715.204577557755,310,3234,35,17,31341.53572543144,59
2022-05-12 17:05:26,facebook/react,274,35,41,14934.059339390962,311,3259,45,20,31447.048611029844,49
2022-05-26 17:05:26,facebook/react,284,32,22,15166.63416720867,213,3281,40,18,31589.824428693737,57
2022-06-09 17:05:26,facebook/react,293,22,13,15442.985888402978,222,3297,41,25,31769.51355910816,88
2022-06-23 17:05:26,facebook/react,299,33,27,15688.478788244764,207,3314,40,23,31949.25487386825,53
2022-07-07 17:05:26,facebook/react,315,38,22,15933.032769505817,191,3336,38,16,32064.818021161,33
2022-07-21 17:05:26,facebook/react,327,37,25,16222.97488080034,185,3374,54,16,32099.53901809884,38
2022-08-04 17:05:26,facebook/react,341,37,23,16464.97885793651,199,3391,30,13,32235.604399868625,44
2022-08-18 17:05:26,facebook/react,348,31,24,16769.4334743346,243,3416,37,12,32399.10156896605,94
2022-09-01 17:05:26,facebook/react,355,20,13,17057.11981279621,130,3423,33,26,32607.95919510305,44
2022-09-08 17:05:26,facebook/react,358,16,13,17225.11981279621,146,3428,21,16,32694.14587916589,28
2022-09-15 17:05:26,facebook/react,360,17,15,17376.733706860272,167,3438,42,32,32726.02676380037,123
2022-09-22 17:05:26,facebook/react,367,16,9,17495.308037719024,115,3450,20,8,32794.26881115715,35
2022-09-23 17:05:26,facebook/react,368,1,0,17519.308037719024,23,3449,3,4,32818.26881115715,13
2022-09-24 17:05:26,facebook/react,369,2,1,17526.759133909854,7,3449,3,3,32824.13464315295,9
2022-09-25 17:05:26,facebook/react,370,1,0,17550.759133909854,11,3451,2,0,32839.074120587604,0
2022-09-26 17:05:26,facebook/react,371,1,0,17574.759133909854,15,3451,0,0,32863.074120587604,0
2022-09-27 17:05:26,facebook/react,371,2,2,17598.759133909854,22,3454,5,2,32850.80958337163,0
2022-09-28 17:05:26,facebook/react,371,1,1,17622.759133909854,22,3457,4,1,32856.695582345914,40
2022-09-29 17:05:26,facebook/react,374,5,2,17630.14799298356,32,3461,11,7,32853.54317096488,42
2022-09-30 17:05:26,facebook/react,374,2,2,17637.52580377694,25,3465,9,5,32841.38016112028,13
2022-10-01 17:05:26,facebook/react,374,1,1,17661.52580377694,19,3467,5,3,32838.30037838539,16
2022-10-02 17:05:26,facebook/react,375,3,2,17668.90071626424,10,3469,4,2,32844.25842549361,8
2022-10-03 17:05:26,facebook/react,376,1,0,17692.90071626424,13,3470,3,2,32859.23440958875,1
2022-10-04 17:05:26,facebook/react,377,1,0,17700.250967261905,26,3490,32,12,32694.73277163528,5
2022-10-05 17:05:26,facebook/react,378,1,0,17707.6160743349,22,3489,10,11,32691.971028217256,12
2022-10-06 17:05:26,facebook/react,377,0,1,17731.6160743349,10,3493,5,1,32689.23463530784,14
2022-10-13 17:05:26,facebook/react,383,12,6,17849.761156627133,114,3510,22,5,32741.44343578369,33
2022-10-20 17:05:26,facebook/react,388,11,6,18017.761156627133,116,3516,33,27,32820.48369274407,70
2022-11-03 17:05:26,facebook/react,398,34,24,18268.9694995858,260,3544,62,34,32899.33075360566,103
2022-11-17 17:05:26,facebook/react,416,36,18,18519.4222018656,159,3562,29,11,33084.873982893405,50
2022-11-24 17:05:26,facebook/react,425,14,5,18618.57187538509,64,3569,15,8,33173.33007754352,25
2022-11-25 17:05:26,facebook/react,429,5,1,18642.57187538509,9,3573,4,0,33179.621667481704,0
2022-11-26 17:05:26,facebook/react,431,2,0,18666.57187538509,4,3573,0,0,33203.621667481704,0
2022-11-27 17:05:26,facebook/react,429,0,2,18690.57187538509,9,3575,2,0,33209.90655240085,0
2022-11-28 17:05:26,facebook/react,429,0,0,18714.57187538509,15,3577,2,0,33216.20112324955,0
2022-11-29 17:05:26,facebook/react,428,0,1,18738.57187538509,9,3574,1,4,33231.34847777186,17
2022-11-30 17:05:26,facebook/react,428,0,0,18762.57187538509,13,3575,1,0,33255.34847777186,8
2022-12-01 17:05:26,facebook/react,429,5,4,18769.2266397353,25,3578,6,3,33243.937647832776,4
2022-12-02 17:05:26,facebook/react,429,7,7,18793.2266397353,62,3579,13,12,33250.25169865544,3
2022-12-03 17:05:26,facebook/react,429,0,0,18817.2266397353,19,3579,2,2,33265.41004918904,2
2022-12-10 17:05:26,facebook/react,432,26,23,18915.688198916487,189,3591,27,15,33283.36411439034,17
2022-12-24 17:05:26,facebook/react,441,28,19,19147.01654899868,180,3607,26,10,33443.154414311626,26
2023-01-07 17:05:26,facebook/react,448,19,12,19447.686688483,129,3615,14,6,33699.7123067157,13
2023-01-21 17:05:26,facebook/react,463,24,9,19676.95330230094,177,3632,33,16,33814.48712581188,32
2023-02-04 17:05:26,facebook/react,475,29,17,19959.119681209744,213,3659,44,17,33947.82151001585,49
2023-02-11 17:05:26,facebook/react,478,13,10,20090.93573990356,130,3663,29,25,34018.96623052825,92
2023-02-25 17:05:26,facebook/react,477,30,31,20353.80225175176,273,3689,56,30,34135.10484308518,40
2023-03-04 17:05:26,facebook/react,480,14,11,20503.42700945095,184,3707,37,19,34128.16309412199,32
2023-03-11 17:05:26,facebook/react,485,15,10,20634.40156508935,171,3715,47,39,34191.55093295947,87
2023-03-18 17:05:26,facebook/react,491,18,12,20783.86457360862,139,3719,29,25,34289.75806269256,28
2023-03-25 17:05:26,facebook/react,500,15,6,20914.51336320192,142,3728,32,23,34335.74967553865,31
2023-04-01 17:05:26,facebook/react,501,11,10,21044.925445984896,117,3737,32,23,34390.66742406378,76
2023-04-08 17:05:26,facebook/react,506,12,7,21175.200766617065,136,3753,28,12,34463.07912012542,54
2023-04-15 17:05:26,facebook/react,504,16,18,21324.225272326297,163,3764,34,23,34535.569379187604,85
2023-04-22 17:05:26,facebook/react,509,31,26,21492.225272326297,111,3770,31,25,34564.90293022189,113
2023-05-06 17:05:26,facebook/react,516,26,19,21732.32902383068,278,3780,47,37,34788.21010857516,69
2023-05-20 17:05:26,facebook/react,508,13,21,22029.35633446612,196,3791,26,15,35019.844790682255,18
2023-06-03 17:05:26,facebook/react,512,18,14,22345.59044902077,146,3806,31,16,35225.02476936735,43
2023-06-17 17:05:26,facebook/react,526,23,9,22582.520730942582,213,3827,35,14,35369.10026004874,71
2023-07-01 17:05:26,facebook/react,540,22,8,22878.27939260564,171,3852,43,18,35461.657991991626,39
2023-07-15 17:05:26,facebook/react,552,17,5,23193.906350043977,166,3884,42,10,35503.38124865156,29
2023-07-29 17:05:26,facebook/react,565,23,10,23427.801150758904,145,3906,28,6,35632.77358899078,17
2023-08-12 17:05:26,facebook/react,579,24,10,23660.991524024023,143,3920,24,10,35873.97096543656,22
2023-08-26 17:05:26,facebook/react,602,34,11,23955.546290735907,150,3930,31,21,36106.1201717196,22
2023-09-09 17:05:26,facebook/react,612,18,8,24207.68484701744,160,3944,37,23,36329.45004665072,29
2023-09-23 17:05:26,facebook/react,613,9,8,24543.68484701744,174,3956,41,29,36543.72256881524,43
2023-10-07 17:05:26,facebook/react,617,16,12,24858.321503466206,167,3968,42,30,36714.09697062004,36
2023-10-21 17:05:26,facebook/react,597,23,43,25150.9056927624,274,3994,54,28,36798.14955635444,19
2023-11-04 17:05:26,facebook/react,609,25,13,25377.40330031582,205,4019,56,31,36952.05475258686,25
2023-11-18 17:05:26,facebook/react,638,40,11,25625.423571053885,190,4023,27,23,37227.14009003384,47
2023-12-02 17:05:26,facebook/react,643,14,9,25895.15603239155,153,4033,22,12,37458.320575081736,18
2023-12-16 17:05:26,facebook/react,653,20,10,26186.82349596391,180,4044,27,16,37636.90575587855,12
2023-12-30 17:05:26,facebook/react,660,14,7,26522.82349596391,84,4049,9,4,37920.23754825308,1
2024-01-13 17:05:26,facebook/react,662,30,28,26790.42682177702,171,4071,37,15,38062.402726945984,26
2024-01-20 17:05:26,facebook/react,693,63,32,26223.599221485165,112,4091,33,13,38124.88710528674,32
2024-01-27 17:05:26,facebook/react,697,20,16,26348.09501448676,173,4106,64,49,38231.35634434987,125
2024-01-28 17:05:26,facebook/react,697,1,1,26372.09501448676,17,4117,13,2,38185.11300727133,14
2024-01-29 17:05:26,facebook/react,692,0,5,26396.09501448676,25,4114,3,6,38191.574051717536,2
2024-01-30 17:05:26,facebook/react,694,3,1,26398.24865706277,22,4116,6,4,38198.04657165252,6
2024-01-31 17:05:26,facebook/react,692,1,3,26422.24865706277,34,4111,5,10,38213.28059199796,24
2024-02-01 17:05:26,facebook/react,692,1,1,26446.24865706277,37,4128,19,2,38149.81351989575,4
2024-02-02 17:05:26,facebook/react,690,4,6,26470.24865706277,27,4121,14,21,38147.63556991132,8
2024-02-03 17:05:26,facebook/react,690,0,0,26494.24865706277,28,4132,16,5,38136.76674459929,6
2024-02-04 17:05:26,facebook/react,692,3,1,26496.345250459133,13,4132,4,4,38143.3469324554,10
2024-02-05 17:05:26,facebook/react,692,1,1,26520.345250459133,11,4141,12,3,38167.3469324554,1
2024-02-12 17:05:26,facebook/react,686,11,17,26688.345250459133,154,4131,44,54,38222.12196866777,61
2024-02-19 17:05:26,facebook/react,691,12,7,26834.22601018442,152,4162,58,27,38233.737582199545,43
2024-02-26 17:05:26,facebook/react,689,10,12,26957.81962856096,156,4161,41,42,38280.501109541394,40
2024-03-11 17:05:26,facebook/react,698,21,12,27226.7145209704,206,4194,68,35,38426.52509952767,71
2024-03-25 17:05:26,facebook/react,696,21,23,27472.792370446263,254,4204,58,48,38606.86579425528,66
2024-04-01 17:05:26,facebook/react,698,7,5,27595.687882342245,148,4205,60,59,38593.86375771088,70
2024-04-02 17:05:26,facebook/react,699,3,2,27619.687882342245,29,4212,15,8,38574.87851497154,9
2024-04-03 17:05:26,facebook/react,700,2,1,27621.090687289907,27,4212,11,11,38573.11638140812,7
2024-04-04 17:05:26,facebook/react,700,1,1,27622.51203499456,38,4218,12,6,38554.21380928561,12
2024-04-05 17:05:26,facebook/react,699,1,2,27646.51203499456,90,4231,15,2,38535.38654761024,11
2024-04-06 17:05:26,facebook/react,699,0,0,27670.51203499456,78,4235,7,3,38550.82598659217,3
2024-04-07 17:05:26,facebook/react,698,1,2,27671.911269160995,39,4236,2,1,38566.26578628685,2
2024-04-08 17:05:26,facebook/react,697,1,2,27695.911269160995,39,4234,2,4,38590.26578628685,2
2024-04-09 17:05:26,facebook/react,698,3,2,27697.31359457132,139,4227,9,16,38605.69702156384,16
2024-04-10 17:05:26,facebook/react,659,1,40,27721.31359457132,655,4231,17,13,38595.450472407,24
2024-04-11 17:05:26,facebook/react,657,4,6,27745.31359457132,48,4231,9,9,38610.89163827928,7
2024-04-12 17:05:26,facebook/react,632,0,25,27769.31359457132,69,4230,5,6,38617.77111554275,2
2024-04-19 17:05:26,facebook/react,250,7,389,27937.31359457132,702,4230,34,34,38734.38947253571,14
2024-04-26 17:05:26,facebook/react,252,15,13,28059.59286463989,133,4244,32,18,38739.75800377063,29
2024-05-03 17:05:26,facebook/react,252,17,17,28159.11860411589,179,4270,38,12,38720.486054519984,19
2024-05-10 17:05:26,facebook/react,260,20,12,28190.05168508039,111,4272,33,31,38795.10276805464,38
2024-05-11 17:05:26,facebook/react,260,0,0,28214.05168508039,5,4273,1,0,38819.10276805464,2
2024-05-12 17:05:26,facebook/react,259,0,1,28238.05168508039,1,4273,0,0,38843.10276805464,0
2024-05-13 17:05:26,facebook/react,259,2,2,28239.240509558425,15,4276,3,0,38850.10927472847,0
2024-05-14 17:05:26,facebook/react,260,2,1,28263.240509558425,13,4275,1,2,38874.10927472847,0
2024-05-15 17:05:26,facebook/react,262,2,0,28287.240509558425,14,4278,4,1,38872.62068467124,2
2024-05-16 17:05:26,facebook/react,267,12,7,28311.240509558425,102,4298,32,12,38786.46988147987,0
2024-05-17 17:05:26,facebook/react,278,18,7,28266.77264079148,76,4305,10,3,38759.80570221255,6
2024-05-18 17:05:26,facebook/react,278,4,4,28268.00689367508,82,4310,19,14,38758.51327086656,6
2024-05-19 17:05:26,facebook/react,276,4,6,28246.54338134155,29,4311,3,2,38765.65732512077,0
2024-05-20 17:05:26,facebook/react,272,2,6,28247.84152141901,40,4304,3,10,38781.22811556666,0
2024-05-21 17:05:26,facebook/react,270,3,5,28249.15556313537,71,4319,19,4,38704.321782462604,14
2024-05-22 17:05:26,facebook/react,271,2,1,28250.48335494075,44,4326,14,7,38678.02321389911,10
2024-05-23 17:05:26,facebook/react,276,7,2,28229.231736277907,48,4329,11,8,38660.18290729528,8
2024-05-24 17:05:26,facebook/react,510,328,94,23734.560345400885,20,4330,5,4,38659.10882014985,25
2024-05-25 17:05:26,facebook/react,514,6,2,23694.86718253969,19,4328,0,2,38683.10882014985,4
2024-05-26 17:05:26,facebook/react,514,1,1,23718.86718253969,25,4331,3,0,38698.74919439643,4
2024-05-27 17:05:26,facebook/react,514,1,1,23742.86718253969,26,4336,6,1,38680.96731335588,2
2024-05-28 17:05:26,facebook/react,513,4,5,23750.940271075364,15,4340,5,1,38679.93079995926,2
2024-05-29 17:05:26,facebook/react,514,15,14,23711.38586935532,61,4336,13,17,38662.2550827767,16
2024-05-30 17:05:26,facebook/react,514,3,3,23735.38586935532,57,4345,14,5,38661.26700832615,19
2024-05-31 17:05:26,facebook/react,520,8,2,23680.271531386486,43,4345,5,5,38676.93992291592,24
2024-06-01 17:05:26,facebook/react,527,9,2,23672.748484882093,29,4341,5,9,38700.93992291592,14
2024-06-02 17:05:26,facebook/react,522,6,11,23696.748484882093,28,4347,6,0,38683.31623978494,7
2024-06-03 17:05:26,facebook/react,527,10,5,23657.796977438626,38,4349,7,5,38682.3684046135,21
2024-06-04 17:05:26,facebook/react,530,8,5,23650.41194241956,39,4352,6,3,38689.74741938178,7
2024-06-05 17:05:26,facebook/react,529,3,4,23658.73866593083,50,4356,7,3,38672.22514669766,16
2024-06-06 17:05:26,facebook/react,529,2,2,23667.07145341569,38,4363,11,4,38663.042534305314,4
2024-06-07 17:05:26,facebook/react,528,9,10,23675.40607620517,49,4358,6,11,38687.042534305314,5
2024-06-08 17:05:26,facebook/react,525,2,5,23699.40607620517,33,4364,12,6,38694.45522848502,20
2024-06-09 17:05:26,facebook/react,524,0,1,23723.40607620517,23,4367,4,1,38693.58908753956,3
2024-06-10 17:05:26,facebook/react,527,6,3,23731.718236028493,24,4368,7,6,38684.45723452696,2
2024-06-11 17:05:26,facebook/react,530,4,1,23740.030185124026,73,4373,19,14,38683.628895126414,13
2024-06-12 17:05:26,facebook/react,531,2,1,23764.030185124026,52,4374,13,12,38674.55229973884,30
2024-06-13 17:05:26,facebook/react,529,0,2,23788.030185124026,56,4379,13,8,38673.77075972193,22
2024-06-14 17:05:26,facebook/react,531,4,2,23780.64475062298,43,4381,5,3,38681.25288337484,8
2024-06-15 17:05:26,facebook/react,535,5,1,23773.30868357488,22,4378,3,6,38705.25288337484,1
2024-06-16 17:05:26,facebook/react,540,6,1,23750.39821718168,12,4379,1,0,38720.99201320719,0
2024-06-17 17:05:26,facebook/react,540,1,1,23758.79348518032,22,4378,2,3,38744.99201320719,4
2024-06-18 17:05:26,facebook/react,540,2,2,23767.17841467863,30,4381,6,3,38744.19325205564,4
2024-06-19 17:05:26,facebook/react,558,19,1,23528.58786111111,16,4384,4,1,38743.41517458795,1
2024-06-20 17:05:26,facebook/react,579,23,2,23265.619146889032,35,4391,10,3,38726.15228579708,1
2024-06-21 17:05:26,facebook/react,581,6,4,23274.690345619656,53,4390,14,15,38750.15228579708,3
2024-06-22 17:05:26,facebook/react,582,3,2,23283.76860079009,28,4387,7,10,38774.15228579708,2
2024-06-23 17:05:26,facebook/react,582,5,5,23307.76860079009,13,4389,2,0,38781.645757962695,0
2024-06-24 17:05:26,facebook/react,583,4,3,23301.92643758442,26,4392,5,2,38789.13714865632,0
2024-06-25 17:05:26,facebook/react,578,3,8,23311.0217577792,77,4408,18,2,38747.20803219603,8
2024-06-26 17:05:26,facebook/react,578,0,0,23335.0217577792,47,4406,12,14,38713.68796537791,4
2024-06-27 17:05:26,facebook/react,578,5,5,23344.10265974441,47,4405,11,12,38729.480685051705,13
2024-06-28 17:05:26,facebook/react,578,1,1,23368.10265974441,17,4406,5,4,38753.480685051705,1
2024-06-29 17:05:26,facebook/react,578,6,6,23302.782854162248,19,4408,3,1,38769.263520795066,1
2024-06-30 17:05:26,facebook/react,578,3,3,23311.95758358072,21,4412,4,0,38776.827194621,1
2024-07-01 17:05:26,facebook/react,585,10,3,23217.828485056263,38,4417,15,10,38759.77499465021,5
2024-07-02 17:05:26,facebook/react,592,8,1,23153.95101075382,39,4425,9,1,38726.42381345685,13
2024-07-03 17:05:26,facebook/react,592,3,3,23134.198812146005,19,4423,3,5,38742.237645139336,3
2024-07-04 17:05:26,facebook/react,629,59,22,22603.62359848485,19,4422,5,6,38758.05037406703,4
2024-07-05 17:05:26,facebook/react,629,0,0,22627.62359848485,6,4422,0,0,38782.05037406703,0
2024-07-06 17:05:26,facebook/react,629,0,0,22651.62359848485,2,4422,1,1,38806.05037406703,3
2024-07-07 17:05:26,facebook/react,628,0,1,22675.62359848485,2,4422,0,0,38830.05037406703,0
2024-07-08 17:05:26,facebook/react,628,0,0,22699.62359848485,4,4422,1,1,38854.05037406703,7
2024-07-09 17:05:26,facebook/react,628,1,1,22709.68865357069,6,4421,5,6,38869.839735187146,4
2024-07-10 17:05:26,facebook/react,628,0,0,22733.68865357069,100,4421,8,8,38877.422329298905,8
2024-07-11 17:05:26,facebook/react,628,0,0,22757.68865357069,26,4426,13,8,38885.00903003447,16
2024-07-12 17:05:26,facebook/react,627,0,1,22781.68865357069,10,4418,7,15,38900.80425732537,24
2024-07-13 17:05:26,facebook/react,626,0,1,22805.68865357069,19,4417,3,4,38924.80425732537,3
2024-07-14 17:05:26,facebook/react,625,0,1,22829.68865357069,3,4416,0,1,38948.80425732537,0
2024-07-15 17:05:26,facebook/react,624,0,1,22853.68865357069,20,4427,11,0,38956.36741980646,2
2024-07-16 17:05:26,facebook/react,623,0,1,22877.68865357069,41,4432,15,10,38963.93482668167,11
2024-07-17 17:05:26,facebook/react,571,1,53,22887.639567314247,116,4421,4,15,38979.719452171885,6
2024-07-18 17:05:26,facebook/react,568,3,6,22911.639567314247,48,4430,10,1,38962.670113040935,4
2024-07-19 17:05:26,facebook/react,569,1,0,22921.57790500034,63,4440,25,15,38937.50497891553,11
2024-07-20 17:05:26,facebook/react,564,2,7,22931.519047691992,28,4441,3,2,38945.1346598711,5
2024-07-21 17:05:26,facebook/react,564,1,1,22941.46604238961,2,4441,0,0,38969.1346598711,0
2024-07-22 17:05:26,facebook/react,561,1,4,22965.46604238961,27,4439,2,4,38993.1346598711,8
2024-07-23 17:05:26,facebook/react,558,0,3,22989.46604238961,64,4444,12,7,39008.9401736476,22
2024-07-24 17:05:26,facebook/react,556,2,4,22985.31838922868,25,4439,10,15,39032.9401736476,9
2024-07-25 17:05:26,facebook/react,558,3,1,23009.31838922868,43,4441,14,12,39015.95497656032,11
2024-07-26 17:05:26,facebook/react,557,1,2,23033.31838922868,46,4447,19,13,39015.390505384246,18
2024-07-27 17:05:26,facebook/react,557,1,1,23057.31838922868,16,4446,4,5,39031.206789068325,12
2024-07-28 17:05:26,facebook/react,556,1,2,23067.21585285928,13,4447,1,0,39055.206789068325,0
2024-07-29 17:05:26,facebook/react,556,0,0,23091.21585285928,28,4448,7,6,39079.206789068325,0
2024-07-30 17:05:26,facebook/react,558,4,2,23115.21585285928,66,4446,23,25,39086.81977905893,22
2024-07-31 17:05:26,facebook/react,557,1,2,23139.21585285928,51,4447,17,16,39078.05946847508,15
2024-08-01 17:05:26,facebook/react,560,7,4,23120.83908090977,50,4455,12,4,39044.82453839272,18
2024-08-02 17:05:26,facebook/react,562,3,1,23116.64053355,31,4462,8,1,39036.17760275165,4
2024-08-03 17:05:26,facebook/react,562,0,0,23140.64053355,25,4459,8,11,39060.17760275165,23
2024-08-04 17:05:26,facebook/react,562,0,0,23164.64053355,17,4460,1,0,39084.17760275166,1
2024-08-05 17:05:26,facebook/react,559,0,3,23188.64053355,26,4459,2,3,39100.007129474856,7
2024-08-06 17:05:26,facebook/react,559,3,3,23198.50844210989,38,4466,9,2,39099.506927507486,15
2024-08-07 17:05:26,facebook/react,561,4,2,23194.274390375776,41,4464,10,12,39107.18240369675,5
2024-08-08 17:05:26,facebook/react,562,4,3,23204.16151030057,28,4462,7,9,39131.18240369675,13
2024-08-09 17:05:26,facebook/react,563,2,1,23214.05559386391,27,4470,10,2,39106.21911495611,9
2024-08-10 17:05:26,facebook/react,563,1,1,23223.95771385685,12,4467,2,5,39122.064494060025,1
2024-08-11 17:05:26,facebook/react,564,1,0,23233.852685072816,8,4467,0,0,39146.064494060025,0
2024-08-12 17:05:26,facebook/react,564,2,2,23257.852685072816,23,4469,5,3,39161.90266183928,5
2024-08-13 17:05:26,facebook/react,564,1,1,23267.748307560138,25,4470,7,6,39161.43235949142,2
2024-08-14 17:05:26,facebook/react,567,3,0,23263.54735631604,35,4477,16,9,39169.127751699976,7
2024-08-15 17:05:26,facebook/react,571,5,1,23273.45816972693,48,4478,11,10,39168.67433938932,10
2024-08-16 17:05:26,facebook/react,571,1,1,23297.45816972693,31,4485,11,4,39184.52457056527,10
2024-08-17 17:05:26,facebook/react,572,2,1,23307.362814579552,23,4482,10,13,39159.66939262799,22
2024-08-18 17:05:26,facebook/react,573,2,1,23317.26937827489,13,4484,3,1,39175.532661820704,13
2024-08-19 17:05:26,facebook/react,569,1,5,23327.18026921786,28,4485,1,0,39191.39715064369,3
2024-08-20 17:05:26,facebook/react,567,1,3,23351.18026921786,44,4485,8,8,39199.12309078226,8
2024-08-21 17:05:26,facebook/react,571,5,1,23332.90548100121,57,4495,18,8,39206.85264332642,28
2024-08-22 17:05:26,facebook/react,571,1,1,23342.836949634988,25,4490,9,14,39222.717775012105,6
2024-08-23 17:05:26,facebook/react,572,1,0,23352.764065261046,17,4496,8,2,39238.58343034242,18
2024-08-24 17:05:26,facebook/react,571,0,1,23376.764065261046,4,4494,3,5,39254.44661028175,1
2024-08-25 17:05:26,facebook/react,570,0,1,23400.764065261046,9,4494,0,0,39278.44661028175,1
2024-08-26 17:05:26,facebook/react,570,2,2,23410.67245233795,17,4495,2,1,39286.15611773172,2
2024-08-27 17:05:26,facebook/react,570,0,0,23434.67245233795,29,4506,17,6,39277.60967620396,6
2024-08-28 17:05:26,facebook/react,569,3,4,23444.56887886081,31,4509,6,3,39277.21828372194,11
2024-08-29 17:05:26,facebook/react,569,0,0,23468.56887886081,45,4502,9,16,39276.84049735723,15
2024-08-30 17:05:26,facebook/react,569,0,0,23492.56887886081,12,4504,5,3,39292.71845217581,2
2024-08-31 17:05:26,facebook/react,570,1,0,23502.429412039823,8,4506,3,1,39300.47187629186,3
2024-09-01 17:05:26,facebook/react,570,0,0,23526.429412039823,7,4506,0,0,39324.47187629186,0
2024-09-02 17:05:26,facebook/react,571,2,1,23522.147905238573,12,4509,3,0,39324.09208066515,0
2024-09-03 17:05:26,facebook/react,571,2,2,23532.0231062425,16,4507,0,2,39348.09208066515,1
2024-09-04 17:05:26,facebook/react,572,3,2,23556.0231062425,35,4515,11,3,39339.59216110538,6
2024-09-05 17:05:26,facebook/react,570,1,3,23580.0231062425,36,4515,5,5,39355.47269792956,13
2024-09-06 17:05:26,facebook/react,570,1,1,23604.0231062425,21,4519,10,6,39371.35168643835,5
2024-09-07 17:05:26,facebook/react,571,2,1,23599.712474020784,17,4521,7,5,39379.10926874957,41
2024-09-08 17:05:26,facebook/react,571,0,0,23623.712474020784,25,4528,8,1,39354.43451098525,4
2024-09-09 17:05:26,facebook/react,571,1,1,23647.712474020784,21,4532,6,2,39354.125305967245,8
2024-09-10 17:05:26,facebook/react,568,3,6,23671.712474020784,37,4527,6,11,39370.02169570785,13
2024-09-11 17:05:26,facebook/react,567,1,2,23695.712474020784,42,4533,11,5,39345.45454031061,3
2024-09-12 17:05:26,facebook/react,567,0,0,23719.712474020784,25,4536,5,2,39361.366908766046,7
2024-09-13 17:05:26,facebook/react,564,2,5,23743.712474020784,28,4534,3,5,39385.366908766046,7
2024-09-14 17:05:26,facebook/react,560,0,4,23767.712474020784,18,4530,4,8,39409.366908766046,9
2024-09-15 17:05:26,facebook/react,559,1,2,23791.712474020784,16,4532,2,0,39417.17137182736,0
2024-09-16 17:05:26,facebook/react,558,0,1,23815.712474020784,25,4531,5,6,39441.17137182736,4
2024-09-17 17:05:26,facebook/react,558,0,0,23839.712474020784,35,4540,14,5,39400.45147132212,5
2024-09-18 17:05:26,facebook/react,558,2,2,23835.14013223553,28,4537,4,7,39400.224479686185,8
2024-09-19 17:05:26,facebook/react,557,0,1,23859.14013223553,24,4535,8,10,39391.94145146427,4
2024-09-20 17:05:26,facebook/react,559,2,0,23868.860865416587,25,4539,7,3,39407.87426426426,0
2024-09-21 17:05:26,facebook/react,558,1,2,23878.58095128921,12,4543,5,1,39391.55963375832,0
2024-09-22 17:05:26,facebook/react,559,2,1,23902.58095128921,8,4544,1,0,39407.49938434447,1
2024-09-23 17:05:26,facebook/react,559,2,2,23897.9996867118,12,4545,2,1,39423.439686044665,2
2024-09-24 17:05:26,facebook/react,558,0,1,23921.9996867118,51,4560,20,5,39415.216134434224,14
2024-09-25 17:05:26,facebook/react,554,0,4,23945.9996867118,40,4569,12,3,39374.89583197362,7
2024-09-26 17:05:26,facebook/react,555,1,0,23955.69360414594,52,4566,13,16,39350.754994228286,11
2024-09-27 17:05:26,facebook/react,555,2,2,23951.11241337044,33,4570,9,5,39358.728066754906,2
2024-09-28 17:05:26,facebook/react,554,0,1,23975.11241337044,21,4572,3,1,39366.70357769636,2
2024-09-29 17:05:26,facebook/react,555,1,0,23999.11241337044,13,4575,3,0,39366.67213526128,0
2024-09-30 17:05:26,facebook/react,558,3,0,23994.506938157632,10,4569,2,8,39382.66459861479,2
2024-10-01 17:05:26,facebook/react,556,0,2,24018.506938157632,25,4573,8,4,39366.64596353109,20
2024-10-02 17:05:26,facebook/react,558,2,0,24013.91094008196,12,4572,1,2,39382.64921112917,17
2024-10-03 17:05:26,facebook/react,559,1,0,24023.620731437444,19,4573,2,1,39390.64887191201,0
2024-10-04 17:05:26,facebook/react,558,0,1,24047.620731437444,7,4574,3,2,39406.65195279018,0
2024-10-05 17:05:26,facebook/react,560,3,1,24057.323272265134,5,4575,1,0,39430.65195279018,0
2024-10-06 17:05:26,facebook/react,562,2,0,24081.323272265134,12,4578,3,0,39430.64837869976,0
2024-10-07 17:05:26,facebook/react,564,3,1,24076.727366963405,16,4581,4,1,39454.64837869976,2
2024-10-08 17:05:26,facebook/react,564,3,3,24100.727366963405,87,4586,14,9,39462.64424187115,2
2024-10-09 17:05:26,facebook/react,566,3,1,24124.727366963405,32,4580,1,7,39486.64424187115,13
2024-10-10 17:05:26,facebook/react,569,3,0,24134.408619019378,36,4580,13,13,39510.64424187115,4
2024-10-17 17:05:26,facebook/react,579,18,8,24202.249459703355,198,4595,36,21,39550.65646418704,34
2024-10-18 17:05:26,facebook/react,580,1,0,24211.95353059819,33,4595,4,4,39558.66400462495,5
2024-10-25 17:05:26,facebook/react,598,24,6,24194.87879662175,164,4607,39,27,39670.676659660574,10
2024-10-26 17:05:26,facebook/react,605,7,0,24148.19764959761,19,4610,4,1,39678.66750302542,15
2024-10-27 17:05:26,facebook/react,606,2,1,24172.19764959761,27,4614,4,0,39670.66961289131,0
2024-10-28 17:05:26,facebook/react,603,1,4,24196.19764959761,25,4617,5,2,39662.70030054369,2
2024-10-29 17:05:26,facebook/react,603,2,2,24206.06480070701,20,4618,1,0,39686.70030054369,0
2024-10-30 17:05:26,facebook/react,604,1,0,24230.06480070701,20,4620,5,3,39702.70789320627,10
2024-10-31 17:05:26,facebook/react,604,4,4,24239.919587060805,23,4621,1,0,39726.70789320627,5
2024-11-01 17:05:26,facebook/react,606,2,0,24249.77400226757,21,4624,5,2,39718.72836440242,0
2024-11-02 17:05:26,facebook/react,608,3,1,24245.5128486378,22,4625,3,2,39742.72836440242,1
2024-11-03 17:05:26,facebook/react,608,2,2,24255.40001746217,7,4625,0,0,39766.72836440242,0
2024-11-04 17:05:26,facebook/react,609,2,1,24251.1730251938,13,4625,1,1,39782.73009073032,0
2024-11-05 17:05:26,facebook/react,614,5,0,24218.86470514308,26,4629,7,3,39774.74466126295,5
2024-11-06 17:05:26,facebook/react,613,1,2,24228.814168921097,35,4621,10,18,39782.76340336369,8
2024-11-07 17:05:26,facebook/react,612,2,3,24224.73461445667,44,4626,11,6,39758.85244253834,0
2024-11-08 17:05:26,facebook/react,614,3,1,24220.69646825397,23,4630,4,0,39758.92592061582,19
2024-11-15 17:05:26,facebook/react,621,27,20,24124.396002256548,163,4641,30,19,39839.26059823929,41
2024-11-22 17:05:26,facebook/react,630,20,11,24195.85359069326,184,4648,33,26,39895.68968359271,41
2024-12-06 17:05:26,facebook/react,652,35,13,24366.422173803683,211,4663,30,15,40088.13089280981,50
2024-12-07 17:05:26,facebook/react,653,1,0,24376.63449676345,18,4665,2,0,40096.193777435525,0
2024-12-08 17:05:26,facebook/react,659,7,1,24345.586309255083,21,4667,2,0,40104.26026304462,0
2024-12-09 17:05:26,facebook/react,663,4,0,24355.84869853356,15,4668,1,0,40120.29240406046,1
2024-12-10 17:05:26,facebook/react,664,3,2,24352.384792175275,56,4673,10,5,40128.36101256259,15
2024-12-11 17:05:26,facebook/react,666,6,4,24307.94691682273,28,4673,5,5,40136.43294591078,5
2024-12-12 17:05:26,facebook/react,669,6,3,24277.41773791729,30,4677,5,1,40160.43294591078,8
2024-12-13 17:05:26,facebook/react,671,3,1,24274.219507434365,30,4677,10,10,40168.49543923164,4
2024-12-14 17:05:26,facebook/react,671,1,1,24298.219507434365,59,4686,18,9,40152.68806353768,24
2024-12-15 17:05:26,facebook/react,671,2,2,24295.025614435748,39,4691,10,5,40152.82565265949,20
2024-12-22 17:05:26,facebook/react,680,26,17,24233.43993705756,245,4706,67,52,40146.29259914766,65
2024-12-29 17:05:26,facebook/react,693,22,9,24201.19290186203,153,4722,23,7,40266.7475396669,9
2025-01-05 17:05:26,facebook/react,703,23,13,24223.361437435524,168,4724,20,18,40339.57147398529,27
2025-01-06 17:05:26,facebook/react,703,1,1,24247.361437435524,40,4731,12,5,40339.79638730689,5
2025-01-07 17:05:26,facebook/react,699,1,5,24258.119248999275,43,4737,12,6,40340.035218024204,8
2025-01-08 17:05:26,facebook/react,701,4,2,24268.87395390071,21,4738,5,4,40356.1186959816,4
2025-01-09 17:05:26,facebook/react,704,4,1,24253.20343137255,37,4739,11,10,40340.55628629463,7
2025-01-10 17:05:26,facebook/react,702,2,4,24250.79851952605,28,4732,3,10,40356.64482436082,8
2025-01-17 17:05:26,facebook/react,700,15,17,24339.57720866474,189,4755,52,29,40390.31699225109,28
2025-01-24 17:05:26,facebook/react,719,49,30,24180.410568783067,137,4771,33,17,40440.09323973076,36
2025-01-31 17:05:26,facebook/react,718,30,31,24232.10347532836,168,4783,31,19,40529.31991829748,32
2025-02-07 17:05:26,facebook/react,715,12,15,24348.43979587318,108,4791,25,17,40602.7929055146,22
2025-02-14 17:05:26,facebook/react,715,18,18,24438.749235963987,139,4795,28,24,40707.83081079482,12
2025-02-15 17:05:26,facebook/react,720,9,4,24411.053995184404,15,4795,0,0,40731.83081079482,9
2025-02-22 17:05:26,facebook/react,712,22,30,24476.027969152048,111,4799,27,23,40836.66652160136,32
2025-03-01 17:05:26,facebook/react,706,17,23,24553.90237167162,123,4799,19,19,40941.51540224152,47
2025-03-02 17:05:26,facebook/react,704,0,2,24577.90237167162,11,4799,1,1,40965.51540224152,1
2025-03-03 17:05:26,facebook/react,704,2,2,24589.01274836944,15,4803,4,0,40981.60810262927,15
2025-03-04 17:05:26,facebook/react,704,4,4,24587.24249490983,14,4806,9,6,40958.1942422295,12
2025-03-05 17:05:26,facebook/react,704,1,1,24598.36698921449,17,4812,9,3,40950.62597406837,30
2025-03-06 17:05:26,facebook/react,705,2,1,24596.64715949352,23,4814,6,4,40950.96671827536,7
2025-03-07 17:05:26,facebook/react,705,6,6,24607.785342360385,14,4813,3,4,40967.08181226607,10
2025-03-08 17:05:26,facebook/react,705,1,1,24618.92584348709,6,4813,2,2,40991.08181226607,1
2025-03-09 17:05:26,facebook/react,710,6,1,24604.403757820644,15,4813,0,0,41015.08181226607,3
2025-03-10 17:05:26,facebook/react,714,5,1,24602.765943287035,15,4814,1,0,41039.08181226607,8
2025-03-11 17:05:26,facebook/react,711,1,4,24613.94686563711,20,4814,4,4,41055.18040239286,14
2025-03-12 17:05:26,facebook/react,715,6,2,24586.77995468975,20,4814,3,3,41071.27853964894,2
2025-03-13 17:05:26,facebook/react,706,0,9,24610.77995468975,23,4812,17,19,41071.5765596688,11
2025-03-14 17:05:26,facebook/react,706,0,0,24634.77995468975,24,4814,13,11,41079.77999033492,12
2025-03-15 17:05:26,facebook/react,707,2,1,24645.987452982576,17,4810,3,7,41103.77999033492,4
2025-03-16 17:05:26,facebook/react,694,2,15,24669.987452982576,21,4813,4,1,41104.0812687053,6
2025-03-17 17:05:26,facebook/react,694,2,2,24681.18299025543,26,4813,5,5,41112.28846382007,12
2025-03-18 17:05:26,facebook/react,696,2,0,24679.572031997,39,4814,8,7,41120.49980583818,37
2025-03-19 17:05:26,facebook/react,693,0,3,24703.572031997,29,4816,8,6,41128.71420430073,9
2025-03-20 17:05:26,facebook/react,693,0,0,24727.572031997,28,4815,13,14,41144.82259753134,2
2025-03-21 17:05:26,facebook/react,693,1,1,24751.572031997,23,4813,9,11,41153.0353826237,13
2025-03-22 17:05:26,facebook/react,694,1,0,24762.73921891192,15,4810,5,8,41177.0353826237,5
2025-03-23 17:05:26,facebook/react,696,2,0,24761.1001318438,4,4810,0,0,41201.0353826237,0
2025-03-24 17:05:26,facebook/react,699,3,0,24746.688916738443,7,4804,1,7,41217.130402578034,0
2025-03-25 17:05:26,facebook/react,699,1,1,24770.688916738443,21,4811,14,7,41170.10005343926,6
2025-04-01 17:05:26,facebook/react,706,12,5,24849.17753146813,88,4819,37,29,41235.76263997624,19
2025-04-08 17:05:26,facebook/react,708,6,4,24965.98822756081,75,4828,22,13,41325.00487331385,18
2025-04-15 17:05:26,facebook/react,705,15,18,25108.23687699635,60,4837,28,19,41414.29017289117,33
2025-04-22 17:05:26,facebook/react,716,25,14,25096.58537999773,61,4846,26,17,41479.90106224963,9
