date_time,record_id,act_on_bike,act_in_vehicle,act_still,loc_home_duration,loc_study_duration,loc_workout_duration,sleep_duration,unlock_num_ep_0,act_walking
2018-10-12,7d2c632a05bbb03ca97555d61be83c41,1.0,,1285.0,539.0,214.0,,870.0,31,31.0
2018-10-13,7d2c632a05bbb03ca97555d61be83c41,2.0,9.0,1061.0,698.0,,240.0,255.0,58,154.0
2018-10-14,7d2c632a05bbb03ca97555d61be83c41,,,1282.0,1195.0,75.0,,645.0,46,67.0
2018-10-15,7d2c632a05bbb03ca97555d61be83c41,3.0,,1240.0,238.0,860.0,,570.0,58,24.0
2018-10-16,7d2c632a05bbb03ca97555d61be83c41,,,1182.0,628.0,501.0,125.0,375.0,85,97.0
2018-10-17,7d2c632a05bbb03ca97555d61be83c41,5.0,1.0,1159.0,630.0,252.0,162.0,210.0,45,70.0
2018-10-18,7d2c632a05bbb03ca97555d61be83c41,,,1233.0,200.0,420.0,,210.0,49,47.0
2018-10-19,7d2c632a05bbb03ca97555d61be83c41,2.0,,1247.0,615.0,170.0,86.0,255.0,35,49.0
2018-10-20,7d2c632a05bbb03ca97555d61be83c41,2.0,,1247.0,1065.0,55.0,160.0,570.0,43,46.0
2018-10-21,7d2c632a05bbb03ca97555d61be83c41,,,1313.0,1436.0,,,510.0,31,21.0
2018-10-22,7d2c632a05bbb03ca97555d61be83c41,,1.0,1282.0,1077.0,252.0,,675.0,60,54.0
2018-10-23,7d2c632a05bbb03ca97555d61be83c41,,1.0,1193.0,949.0,175.0,,675.0,36,52.0
2018-10-24,7d2c632a05bbb03ca97555d61be83c41,1.0,,1225.0,649.0,172.0,,585.0,53,83.0
2018-10-25,7d2c632a05bbb03ca97555d61be83c41,1.0,,1245.0,376.0,260.0,,495.0,22,38.0
2018-10-26,7d2c632a05bbb03ca97555d61be83c41,1.0,,1107.0,970.0,71.0,,195.0,55,92.0
2018-10-27,7d2c632a05bbb03ca97555d61be83c41,,,1153.0,1060.0,,135.0,540.0,25,113.0
2018-10-28,7d2c632a05bbb03ca97555d61be83c41,,,1240.0,1362.0,70.0,,360.0,12,21.0
2018-10-29,7d2c632a05bbb03ca97555d61be83c41,2.0,,1184.0,939.0,176.0,96.0,450.0,44,90.0
2018-10-30,7d2c632a05bbb03ca97555d61be83c41,5.0,1.0,1190.0,655.0,555.0,130.0,315.0,32,81.0
2018-10-31,7d2c632a05bbb03ca97555d61be83c41,,,1237.0,688.0,447.0,180.0,255.0,37,87.0
2018-11-01,7d2c632a05bbb03ca97555d61be83c41,,,1210.0,698.0,451.0,,495.0,30,60.0
2018-11-02,7d2c632a05bbb03ca97555d61be83c41,1.0,,1117.0,773.0,278.0,,240.0,45,72.0
2018-11-03,7d2c632a05bbb03ca97555d61be83c41,1.0,,1243.0,1269.0,85.0,41.0,360.0,17,35.0
2018-11-04,7d2c632a05bbb03ca97555d61be83c41,1.0,1.0,1240.0,1252.0,145.0,,105.0,30,24.0
2018-11-05,7d2c632a05bbb03ca97555d61be83c41,1.0,,1180.0,735.0,338.0,82.0,135.0,30,82.0
2018-11-06,7d2c632a05bbb03ca97555d61be83c41,5.0,,1203.0,,243.0,145.0,555.0,58,63.0
2018-11-07,7d2c632a05bbb03ca97555d61be83c41,2.0,2.0,1129.0,653.0,344.0,,315.0,64,75.0
2018-11-08,7d2c632a05bbb03ca97555d61be83c41,1.0,2.0,1156.0,750.0,244.0,,120.0,71,66.0
2018-11-09,7d2c632a05bbb03ca97555d61be83c41,,,1240.0,875.0,235.0,165.0,225.0,22,39.0
2018-11-10,7d2c632a05bbb03ca97555d61be83c41,3.0,,1225.0,799.0,110.0,,150.0,46,60.0
2018-11-11,7d2c632a05bbb03ca97555d61be83c41,,,1177.0,888.0,,215.0,735.0,39,50.0
2018-11-12,7d2c632a05bbb03ca97555d61be83c41,3.0,,1267.0,853.0,209.0,,405.0,65,39.0
2018-11-13,7d2c632a05bbb03ca97555d61be83c41,2.0,,1199.0,1437.0,,,345.0,35,61.0
2018-11-14,7d2c632a05bbb03ca97555d61be83c41,,,1241.0,1432.0,,,420.0,26,42.0
2018-11-15,7d2c632a05bbb03ca97555d61be83c41,,,1355.0,,,,1050.0,8,7.0
2018-11-16,7d2c632a05bbb03ca97555d61be83c41,,,1375.0,1445.0,,,525.0,17,
2018-11-17,7d2c632a05bbb03ca97555d61be83c41,,,1320.0,1234.0,,31.0,810.0,27,62.0
2018-11-18,7d2c632a05bbb03ca97555d61be83c41,,,1321.0,953.0,96.0,,735.0,33,37.0
2018-11-19,7d2c632a05bbb03ca97555d61be83c41,,,1303.0,,333.0,,510.0,13,55.0
2018-11-20,7d2c632a05bbb03ca97555d61be83c41,,,1370.0,,,,510.0,9,5.0
2018-11-21,7d2c632a05bbb03ca97555d61be83c41,,,1256.0,,185.0,,285.0,39,62.0
2018-11-22,7d2c632a05bbb03ca97555d61be83c41,,125.0,1074.0,242.0,,,555.0,46,65.0
2018-11-23,7d2c632a05bbb03ca97555d61be83c41,,18.0,1051.0,941.0,,,90.0,69,83.0
2018-11-24,7d2c632a05bbb03ca97555d61be83c41,,4.0,1117.0,1334.0,,,645.0,68,31.0
2018-11-25,7d2c632a05bbb03ca97555d61be83c41,,,1288.0,1430.0,,,285.0,51,19.0
2018-11-26,7d2c632a05bbb03ca97555d61be83c41,3.0,12.0,1100.0,1255.0,,,555.0,47,65.0
2018-11-27,7d2c632a05bbb03ca97555d61be83c41,,,1415.0,,,,465.0,37,3.0
2018-11-28,7d2c632a05bbb03ca97555d61be83c41,,,1199.0,,,,330.0,29,11.0
2018-11-29,7d2c632a05bbb03ca97555d61be83c41,,,1213.0,1429.0,,,555.0,47,10.0
2018-11-30,7d2c632a05bbb03ca97555d61be83c41,,,1341.0,,,,450.0,95,4.0
2018-12-01,7d2c632a05bbb03ca97555d61be83c41,,37.0,1192.0,1265.0,,,435.0,59,16.0
2018-12-02,7d2c632a05bbb03ca97555d61be83c41,,12.0,1143.0,1375.0,,,540.0,112,45.0
2018-12-03,7d2c632a05bbb03ca97555d61be83c41,,,1181.0,1435.0,,,420.0,48,
2018-12-04,7d2c632a05bbb03ca97555d61be83c41,,,1293.0,1440.0,,,585.0,38,1.0
2018-12-05,7d2c632a05bbb03ca97555d61be83c41,,,1322.0,1430.0,,,405.0,27,5.0
2018-12-06,7d2c632a05bbb03ca97555d61be83c41,,,1237.0,1437.0,,,525.0,42,26.0
2018-12-07,7d2c632a05bbb03ca97555d61be83c41,1.0,71.0,1125.0,1254.0,,,390.0,64,33.0
2018-12-08,7d2c632a05bbb03ca97555d61be83c41,,,1242.0,1443.0,,,300.0,43,11.0
2018-12-09,7d2c632a05bbb03ca97555d61be83c41,,,1184.0,1435.0,,,675.0,26,2.0
2018-12-10,7d2c632a05bbb03ca97555d61be83c41,,,1307.0,1435.0,,,570.0,25,2.0
2018-12-11,7d2c632a05bbb03ca97555d61be83c41,,,1176.0,1437.0,,,360.0,33,4.0
2018-12-12,7d2c632a05bbb03ca97555d61be83c41,,,1310.0,1439.0,,,315.0,29,1.0
2018-12-13,7d2c632a05bbb03ca97555d61be83c41,,,1211.0,,,,225.0,23,1.0
2018-12-14,7d2c632a05bbb03ca97555d61be83c41,,,1283.0,1439.0,,,360.0,33,2.0
2018-12-15,7d2c632a05bbb03ca97555d61be83c41,,,901.0,1440.0,,,240.0,21,4.0
2018-12-16,7d2c632a05bbb03ca97555d61be83c41,,,1228.0,1425.0,,,660.0,23,
2018-12-17,7d2c632a05bbb03ca97555d61be83c41,,,1328.0,,,,360.0,35,
2018-12-18,7d2c632a05bbb03ca97555d61be83c41,,,1245.0,,,,315.0,27,3.0
2018-12-19,7d2c632a05bbb03ca97555d61be83c41,,,1424.0,1440.0,,,405.0,11,
2018-12-20,7d2c632a05bbb03ca97555d61be83c41,,,1090.0,,,,480.0,36,4.0
2018-12-21,7d2c632a05bbb03ca97555d61be83c41,,42.0,1189.0,1311.0,,,270.0,25,25.0
2018-12-22,7d2c632a05bbb03ca97555d61be83c41,,,1146.0,1425.0,,,405.0,34,4.0
2018-12-23,7d2c632a05bbb03ca97555d61be83c41,,,1396.0,,,,180.0,22,
2018-12-24,7d2c632a05bbb03ca97555d61be83c41,,,1199.0,1435.0,,,240.0,27,3.0
2018-12-25,7d2c632a05bbb03ca97555d61be83c41,,,1094.0,,,,240.0,29,28.0
2018-12-26,7d2c632a05bbb03ca97555d61be83c41,,,1273.0,1435.0,,,285.0,20,
2018-12-27,7d2c632a05bbb03ca97555d61be83c41,,,1255.0,1430.0,,,270.0,20,
2018-12-28,7d2c632a05bbb03ca97555d61be83c41,,,1288.0,1438.0,,,285.0,32,
2018-12-29,7d2c632a05bbb03ca97555d61be83c41,,15.0,1219.0,944.0,,,300.0,58,49.0
2018-12-30,7d2c632a05bbb03ca97555d61be83c41,,,1281.0,1427.0,,,360.0,27,2.0
2018-12-31,7d2c632a05bbb03ca97555d61be83c41,,,1303.0,,,,300.0,23,10.0
2019-01-01,7d2c632a05bbb03ca97555d61be83c41,4.0,11.0,1159.0,1110.0,,,450.0,44,8.0
2019-01-02,7d2c632a05bbb03ca97555d61be83c41,,117.0,799.0,,,,300.0,32,222.0
2019-01-03,7d2c632a05bbb03ca97555d61be83c41,,,989.0,452.0,336.0,,180.0,36,47.0
2019-01-04,7d2c632a05bbb03ca97555d61be83c41,,,1379.0,1202.0,205.0,,450.0,22,28.0
2019-01-05,7d2c632a05bbb03ca97555d61be83c41,,,1346.0,1427.0,,,330.0,6,3.0
2019-01-06,7d2c632a05bbb03ca97555d61be83c41,,,1162.0,1028.0,352.0,,840.0,26,62.0
2019-01-07,7d2c632a05bbb03ca97555d61be83c41,5.0,,1171.0,805.0,267.0,225.0,450.0,32,108.0
2019-01-08,7d2c632a05bbb03ca97555d61be83c41,,,1102.0,848.0,510.0,,330.0,62,65.0
2019-01-09,7d2c632a05bbb03ca97555d61be83c41,,3.0,967.0,284.0,270.0,,465.0,38,108.0
2019-01-10,7d2c632a05bbb03ca97555d61be83c41,,,1009.0,876.0,470.0,,60.0,48,52.0
2019-01-11,7d2c632a05bbb03ca97555d61be83c41,,,1192.0,798.0,499.0,,375.0,17,63.0
2019-01-12,7d2c632a05bbb03ca97555d61be83c41,,4.0,1217.0,1151.0,,154.0,585.0,26,66.0
2019-01-13,7d2c632a05bbb03ca97555d61be83c41,,,1374.0,1366.0,,,630.0,7,22.0
2019-01-14,7d2c632a05bbb03ca97555d61be83c41,,1.0,963.0,725.0,293.0,272.0,225.0,45,114.0
2019-01-15,7d2c632a05bbb03ca97555d61be83c41,,,945.0,825.0,466.0,,180.0,37,99.0
2019-01-16,7d2c632a05bbb03ca97555d61be83c41,,,832.0,614.0,475.0,224.0,420.0,31,91.0
2019-01-17,7d2c632a05bbb03ca97555d61be83c41,,1.0,912.0,705.0,440.0,112.0,135.0,42,88.0
2019-01-18,7d2c632a05bbb03ca97555d61be83c41,,1.0,1150.0,102.0,585.0,,435.0,78,67.0
2019-01-19,7d2c632a05bbb03ca97555d61be83c41,,,759.0,817.0,360.0,164.0,390.0,29,55.0
2019-01-20,7d2c632a05bbb03ca97555d61be83c41,,,1355.0,1434.0,,,555.0,11,5.0
2019-01-21,7d2c632a05bbb03ca97555d61be83c41,,,1189.0,1306.0,,,555.0,15,31.0
2019-01-22,7d2c632a05bbb03ca97555d61be83c41,,,1230.0,367.0,515.0,,240.0,22,66.0
2019-01-23,7d2c632a05bbb03ca97555d61be83c41,1.0,1.0,1063.0,675.0,444.0,216.0,495.0,41,111.0
2019-01-24,7d2c632a05bbb03ca97555d61be83c41,,,954.0,256.0,422.0,,210.0,15,61.0
2019-01-25,7d2c632a05bbb03ca97555d61be83c41,,2.0,1152.0,991.0,265.0,,315.0,42,83.0
2019-01-26,7d2c632a05bbb03ca97555d61be83c41,,,1055.0,545.0,299.0,159.0,675.0,18,53.0
2019-01-27,7d2c632a05bbb03ca97555d61be83c41,,,1119.0,942.0,338.0,,390.0,6,14.0
2019-01-28,7d2c632a05bbb03ca97555d61be83c41,,,862.0,155.0,855.0,51.0,165.0,34,120.0
2019-01-29,7d2c632a05bbb03ca97555d61be83c41,,,1095.0,568.0,534.0,,255.0,43,81.0
2019-01-30,7d2c632a05bbb03ca97555d61be83c41,,,842.0,455.0,564.0,141.0,360.0,38,97.0
2019-01-31,7d2c632a05bbb03ca97555d61be83c41,,3.0,992.0,761.0,546.0,,300.0,42,49.0
2019-02-01,7d2c632a05bbb03ca97555d61be83c41,,,1282.0,1132.0,299.0,,690.0,23,20.0
2019-02-02,7d2c632a05bbb03ca97555d61be83c41,,1.0,1214.0,979.0,268.0,104.0,675.0,30,107.0
2019-02-03,7d2c632a05bbb03ca97555d61be83c41,,,1302.0,1430.0,,,285.0,20,3.0
2019-02-04,7d2c632a05bbb03ca97555d61be83c41,,1.0,1022.0,470.0,902.0,,345.0,43,78.0
2019-02-05,7d2c632a05bbb03ca97555d61be83c41,,1.0,914.0,675.0,577.0,,180.0,54,84.0
2019-02-06,7d2c632a05bbb03ca97555d61be83c41,,,1123.0,1431.0,,,285.0,63,74.0
2019-02-07,7d2c632a05bbb03ca97555d61be83c41,,,1059.0,806.0,580.0,,300.0,31,78.0
2019-02-08,7d2c632a05bbb03ca97555d61be83c41,,1.0,1136.0,475.0,491.0,,510.0,54,102.0
2019-02-09,7d2c632a05bbb03ca97555d61be83c41,,1.0,1294.0,879.0,113.0,171.0,465.0,31,85.0
2019-02-10,7d2c632a05bbb03ca97555d61be83c41,,,1162.0,324.0,,,420.0,14,25.0
2019-02-11,7d2c632a05bbb03ca97555d61be83c41,,,824.0,470.0,909.0,,555.0,30,80.0
2019-02-12,7d2c632a05bbb03ca97555d61be83c41,,1.0,1022.0,398.0,981.0,,165.0,38,84.0
2019-02-13,7d2c632a05bbb03ca97555d61be83c41,,,1148.0,455.0,534.0,,600.0,33,46.0
2019-02-14,7d2c632a05bbb03ca97555d61be83c41,,,1139.0,596.0,485.0,,330.0,61,85.0
2019-02-15,7d2c632a05bbb03ca97555d61be83c41,,,1172.0,839.0,375.0,,435.0,48,107.0
2019-02-16,7d2c632a05bbb03ca97555d61be83c41,,,1175.0,775.0,,,705.0,25,47.0
2019-02-17,7d2c632a05bbb03ca97555d61be83c41,1.0,1.0,1110.0,1390.0,,,300.0,7,47.0
2019-02-18,7d2c632a05bbb03ca97555d61be83c41,,,1123.0,561.0,364.0,,555.0,57,98.0
2019-02-19,7d2c632a05bbb03ca97555d61be83c41,,2.0,1116.0,443.0,933.0,,420.0,42,67.0
2019-02-20,7d2c632a05bbb03ca97555d61be83c41,,,1093.0,457.0,901.0,,285.0,27,71.0
2019-02-21,7d2c632a05bbb03ca97555d61be83c41,,2.0,1195.0,485.0,933.0,,225.0,59,58.0
2019-02-22,7d2c632a05bbb03ca97555d61be83c41,,,996.0,,734.0,,420.0,24,35.0
2019-02-23,7d2c632a05bbb03ca97555d61be83c41,,,1135.0,1049.0,208.0,136.0,705.0,16,51.0
2019-02-24,7d2c632a05bbb03ca97555d61be83c41,,,1249.0,1290.0,,,630.0,16,37.0
2019-02-25,7d2c632a05bbb03ca97555d61be83c41,,,1148.0,454.0,399.0,,285.0,46,106.0
2019-02-26,7d2c632a05bbb03ca97555d61be83c41,,,1229.0,900.0,513.0,,300.0,38,42.0
2019-02-27,7d2c632a05bbb03ca97555d61be83c41,,,1088.0,235.0,539.0,156.0,240.0,37,120.0
2019-02-28,7d2c632a05bbb03ca97555d61be83c41,,,1214.0,85.0,506.0,,600.0,35,54.0
2019-03-01,7d2c632a05bbb03ca97555d61be83c41,,,1274.0,849.0,149.0,,495.0,28,65.0
2019-03-02,7d2c632a05bbb03ca97555d61be83c41,,,1273.0,875.0,400.0,130.0,630.0,22,41.0
2019-03-03,7d2c632a05bbb03ca97555d61be83c41,,11.0,1125.0,455.0,589.0,,360.0,18,36.0
2019-03-04,7d2c632a05bbb03ca97555d61be83c41,,,1121.0,,1275.0,,330.0,61,80.0
2019-03-05,7d2c632a05bbb03ca97555d61be83c41,,,1118.0,394.0,496.0,,330.0,32,82.0
2019-03-06,7d2c632a05bbb03ca97555d61be83c41,,1.0,1090.0,699.0,550.0,,630.0,37,135.0
2019-03-07,7d2c632a05bbb03ca97555d61be83c41,,,1282.0,1213.0,,,555.0,39,41.0
2019-03-08,7d2c632a05bbb03ca97555d61be83c41,,,1227.0,1038.0,115.0,,240.0,28,47.0
2019-03-09,7d2c632a05bbb03ca97555d61be83c41,,1.0,1064.0,908.0,235.0,182.0,555.0,18,61.0
2019-03-10,7d2c632a05bbb03ca97555d61be83c41,,,1129.0,1065.0,,,570.0,20,40.0
2019-03-11,7d2c632a05bbb03ca97555d61be83c41,,,1240.0,517.0,240.0,,660.0,15,66.0
2019-03-12,7d2c632a05bbb03ca97555d61be83c41,,,1217.0,1167.0,61.0,,675.0,28,47.0
2019-03-13,7d2c632a05bbb03ca97555d61be83c41,,1.0,944.0,1001.0,225.0,132.0,885.0,20,87.0
2019-03-14,7d2c632a05bbb03ca97555d61be83c41,,1.0,944.0,130.0,292.0,309.0,510.0,26,96.0
2019-03-15,7d2c632a05bbb03ca97555d61be83c41,,,1226.0,1181.0,,224.0,480.0,18,69.0
2019-03-16,7d2c632a05bbb03ca97555d61be83c41,,,1265.0,708.0,,,390.0,13,6.0
2019-03-17,7d2c632a05bbb03ca97555d61be83c41,,,1430.0,710.0,,,390.0,7,3.0
2019-03-18,7d2c632a05bbb03ca97555d61be83c41,,,1106.0,852.0,348.0,,765.0,24,103.0
2019-03-19,7d2c632a05bbb03ca97555d61be83c41,,1.0,1030.0,292.0,133.0,217.0,555.0,13,97.0
2019-03-20,7d2c632a05bbb03ca97555d61be83c41,,2.0,1179.0,1020.0,261.0,31.0,555.0,23,71.0
2019-03-21,7d2c632a05bbb03ca97555d61be83c41,1.0,,1164.0,771.0,99.0,153.0,660.0,28,140.0
2019-03-22,7d2c632a05bbb03ca97555d61be83c41,,,1233.0,1201.0,,,60.0,28,61.0
2019-03-23,7d2c632a05bbb03ca97555d61be83c41,,,1283.0,1382.0,,,255.0,29,6.0
2019-03-24,7d2c632a05bbb03ca97555d61be83c41,,1.0,1176.0,1022.0,187.0,,345.0,34,71.0
2019-03-25,7d2c632a05bbb03ca97555d61be83c41,1.0,,1159.0,790.0,492.0,,270.0,50,50.0
2019-03-26,7d2c632a05bbb03ca97555d61be83c41,12.0,,1146.0,321.0,150.0,,450.0,26,44.0
2019-03-27,7d2c632a05bbb03ca97555d61be83c41,6.0,,1067.0,450.0,564.0,159.0,360.0,23,73.0
2019-03-28,7d2c632a05bbb03ca97555d61be83c41,,,1224.0,739.0,304.0,,360.0,20,46.0
2019-03-29,7d2c632a05bbb03ca97555d61be83c41,,,1125.0,779.0,509.0,,690.0,50,84.0
2019-03-30,7d2c632a05bbb03ca97555d61be83c41,,,1243.0,605.0,,159.0,765.0,19,24.0
2019-03-31,7d2c632a05bbb03ca97555d61be83c41,,,1184.0,1138.0,225.0,,570.0,33,52.0
2019-04-01,7d2c632a05bbb03ca97555d61be83c41,,1.0,1150.0,734.0,229.0,,510.0,37,58.0
2019-04-02,7d2c632a05bbb03ca97555d61be83c41,8.0,,1217.0,364.0,540.0,,645.0,51,54.0
2019-04-03,7d2c632a05bbb03ca97555d61be83c41,17.0,,1042.0,512.0,399.0,283.0,480.0,38,19.0
2019-04-04,7d2c632a05bbb03ca97555d61be83c41,7.0,,1154.0,,465.0,,405.0,36,10.0
2019-04-05,7d2c632a05bbb03ca97555d61be83c41,12.0,,1176.0,781.0,225.0,,420.0,30,50.0
2019-04-06,7d2c632a05bbb03ca97555d61be83c41,8.0,,1338.0,1209.0,,184.0,690.0,20,3.0
2019-04-07,7d2c632a05bbb03ca97555d61be83c41,7.0,,1332.0,1309.0,70.0,,405.0,21,2.0
2019-04-08,7d2c632a05bbb03ca97555d61be83c41,,,999.0,810.0,328.0,55.0,180.0,49,75.0
2019-04-09,7d2c632a05bbb03ca97555d61be83c41,5.0,,1185.0,215.0,420.0,55.0,555.0,45,36.0
2019-04-10,7d2c632a05bbb03ca97555d61be83c41,1.0,,1135.0,480.0,580.0,40.0,270.0,77,52.0
2019-04-11,7d2c632a05bbb03ca97555d61be83c41,10.0,,1079.0,736.0,560.0,,390.0,45,48.0
2019-04-12,7d2c632a05bbb03ca97555d61be83c41,,,1090.0,967.0,220.0,,300.0,20,27.0
2019-04-13,7d2c632a05bbb03ca97555d61be83c41,8.0,1.0,1294.0,1248.0,,129.0,780.0,18,20.0
2019-04-14,7d2c632a05bbb03ca97555d61be83c41,12.0,,1275.0,929.0,337.0,,585.0,20,25.0
2019-04-15,7d2c632a05bbb03ca97555d61be83c41,6.0,,939.0,959.0,380.0,,630.0,44,46.0
2019-04-16,7d2c632a05bbb03ca97555d61be83c41,19.0,,1030.0,230.0,556.0,,300.0,35,23.0
2019-04-17,7d2c632a05bbb03ca97555d61be83c41,21.0,,1058.0,452.0,441.0,,540.0,37,25.0
2019-04-18,7d2c632a05bbb03ca97555d61be83c41,19.0,,981.0,589.0,487.0,,315.0,75,14.0
2019-04-19,7d2c632a05bbb03ca97555d61be83c41,1.0,,1130.0,883.0,225.0,,450.0,22,35.0
2019-04-20,7d2c632a05bbb03ca97555d61be83c41,1.0,,942.0,1216.0,92.0,,705.0,37,31.0
2019-04-21,7d2c632a05bbb03ca97555d61be83c41,5.0,,1210.0,1231.0,,,225.0,28,12.0
2019-04-22,7d2c632a05bbb03ca97555d61be83c41,15.0,,1120.0,755.0,550.0,,225.0,27,52.0
2019-04-23,7d2c632a05bbb03ca97555d61be83c41,24.0,,818.0,587.0,469.0,,458.0,43,31.0
2019-04-24,7d2c632a05bbb03ca97555d61be83c41,13.0,,651.0,415.0,587.0,,360.0,29,66.0
2019-04-25,7d2c632a05bbb03ca97555d61be83c41,21.0,,1085.0,809.0,237.0,,540.0,26,28.0
2019-04-26,7d2c632a05bbb03ca97555d61be83c41,,,1175.0,946.0,308.0,,480.0,36,29.0
2019-04-27,7d2c632a05bbb03ca97555d61be83c41,8.0,,1329.0,1127.0,75.0,,615.0,15,11.0
2019-04-28,7d2c632a05bbb03ca97555d61be83c41,12.0,,1181.0,1147.0,,,690.0,18,15.0
2019-04-29,7d2c632a05bbb03ca97555d61be83c41,13.0,,822.0,727.0,497.0,,240.0,57,37.0
2019-04-30,7d2c632a05bbb03ca97555d61be83c41,24.0,,1159.0,698.0,644.0,,600.0,34,19.0
2019-05-01,7d2c632a05bbb03ca97555d61be83c41,7.0,,1240.0,1063.0,372.0,,270.0,21,19.0
2019-05-02,7d2c632a05bbb03ca97555d61be83c41,12.0,1.0,1071.0,722.0,689.0,,405.0,34,18.0
2019-05-03,7d2c632a05bbb03ca97555d61be83c41,13.0,,994.0,1153.0,128.0,,270.0,23,22.0
2019-05-04,7d2c632a05bbb03ca97555d61be83c41,,,1254.0,1410.0,,,420.0,10,2.0
2019-05-05,7d2c632a05bbb03ca97555d61be83c41,12.0,,949.0,804.0,224.0,,330.0,39,22.0
2019-05-06,7d2c632a05bbb03ca97555d61be83c41,3.0,1.0,1106.0,452.0,499.0,,495.0,92,49.0
2019-05-07,7d2c632a05bbb03ca97555d61be83c41,14.0,,1045.0,677.0,699.0,,180.0,39,28.0
2019-05-08,7d2c632a05bbb03ca97555d61be83c41,20.0,,1149.0,450.0,344.0,,225.0,31,25.0
2019-05-09,7d2c632a05bbb03ca97555d61be83c41,11.0,,1271.0,898.0,388.0,,390.0,38,21.0
2019-05-10,7d2c632a05bbb03ca97555d61be83c41,,,1147.0,625.0,69.0,,510.0,15,52.0
2019-05-11,7d2c632a05bbb03ca97555d61be83c41,,1.0,1219.0,,,,480.0,4,
2019-05-12,7d2c632a05bbb03ca97555d61be83c41,8.0,,1331.0,1296.0,,,555.0,18,4.0
2019-05-13,7d2c632a05bbb03ca97555d61be83c41,20.0,43.0,1143.0,767.0,311.0,,435.0,47,35.0
2019-05-14,7d2c632a05bbb03ca97555d61be83c41,28.0,1.0,1177.0,531.0,616.0,,420.0,90,37.0
2019-05-15,7d2c632a05bbb03ca97555d61be83c41,34.0,,1125.0,172.0,360.0,,495.0,43,22.0
2019-05-16,7d2c632a05bbb03ca97555d61be83c41,25.0,1.0,1075.0,737.0,543.0,,390.0,33,27.0
2019-05-17,7d2c632a05bbb03ca97555d61be83c41,23.0,,1238.0,1110.0,280.0,,435.0,21,5.0
2019-05-18,7d2c632a05bbb03ca97555d61be83c41,21.0,,1232.0,1288.0,70.0,,525.0,30,17.0
2019-05-19,7d2c632a05bbb03ca97555d61be83c41,18.0,1.0,1214.0,1249.0,,35.0,420.0,54,15.0
2019-05-20,7d2c632a05bbb03ca97555d61be83c41,1.0,,1044.0,910.0,390.0,,165.0,78,56.0
2019-05-21,7d2c632a05bbb03ca97555d61be83c41,21.0,,1102.0,,756.0,,105.0,70,19.0
2019-05-22,7d2c632a05bbb03ca97555d61be83c41,15.0,4.0,1123.0,769.0,631.0,,435.0,29,18.0
2019-05-23,7d2c632a05bbb03ca97555d61be83c41,6.0,1.0,1247.0,466.0,863.0,,345.0,26,15.0
2019-05-24,7d2c632a05bbb03ca97555d61be83c41,20.0,1.0,1205.0,1023.0,340.0,,300.0,41,20.0
2019-05-25,7d2c632a05bbb03ca97555d61be83c41,4.0,,1295.0,1416.0,,,375.0,54,5.0
2019-05-26,7d2c632a05bbb03ca97555d61be83c41,24.0,,1176.0,1034.0,102.0,,495.0,12,19.0
2019-05-27,7d2c632a05bbb03ca97555d61be83c41,6.0,,1365.0,1197.0,205.0,,510.0,2,11.0
2019-05-28,7d2c632a05bbb03ca97555d61be83c41,20.0,,1305.0,894.0,380.0,,225.0,28,11.0
2019-05-29,7d2c632a05bbb03ca97555d61be83c41,7.0,,1272.0,872.0,469.0,,690.0,52,23.0
2019-05-30,7d2c632a05bbb03ca97555d61be83c41,1.0,,1152.0,1353.0,,,390.0,17,31.0
2019-05-31,7d2c632a05bbb03ca97555d61be83c41,,,1203.0,1365.0,,,600.0,8,19.0
2019-06-01,7d2c632a05bbb03ca97555d61be83c41,1.0,,1308.0,1244.0,,,330.0,30,28.0
2019-06-02,7d2c632a05bbb03ca97555d61be83c41,,,1185.0,836.0,459.0,,360.0,86,44.0
2019-06-03,7d2c632a05bbb03ca97555d61be83c41,,,1397.0,,,,465.0,15,21.0
2019-06-04,7d2c632a05bbb03ca97555d61be83c41,,,1417.0,,,,412.0,11,18.0
2019-06-05,7d2c632a05bbb03ca97555d61be83c41,11.0,,1098.0,,,,435.0,19,30.0
2019-06-06,7d2c632a05bbb03ca97555d61be83c41,1.0,,717.0,,108.0,,915.0,20,37.0
2019-06-07,7d2c632a05bbb03ca97555d61be83c41,,,1222.0,,72.0,,555.0,42,39.0
2019-06-08,7d2c632a05bbb03ca97555d61be83c41,,,1190.0,,235.0,195.0,420.0,19,36.0
2019-06-09,7d2c632a05bbb03ca97555d61be83c41,,,1358.0,,,,450.0,133,16.0
2019-06-10,7d2c632a05bbb03ca97555d61be83c41,,,1340.0,,,,90.0,59,
2019-06-11,7d2c632a05bbb03ca97555d61be83c41,,,1187.0,,,,300.0,138,45.0
2019-06-12,7d2c632a05bbb03ca97555d61be83c41,,,1288.0,,,,480.0,6,27.0
2019-06-13,7d2c632a05bbb03ca97555d61be83c41,1.0,2.0,1057.0,,,,135.0,35,56.0
2019-06-14,7d2c632a05bbb03ca97555d61be83c41,,10.0,976.0,,,,630.0,27,32.0
2019-06-15,7d2c632a05bbb03ca97555d61be83c41,,4.0,961.0,,,115.0,405.0,19,77.0
2019-06-16,7d2c632a05bbb03ca97555d61be83c41,,,1172.0,,,,870.0,11,11.0
2019-06-17,7d2c632a05bbb03ca97555d61be83c41,,,1094.0,,,,315.0,19,36.0
2019-06-18,7d2c632a05bbb03ca97555d61be83c41,,,1172.0,,31.0,,375.0,14,41.0
2019-06-19,7d2c632a05bbb03ca97555d61be83c41,,89.0,791.0,,,,255.0,33,11.0
2019-06-20,7d2c632a05bbb03ca97555d61be83c41,2.0,35.0,365.0,,,,750.0,42,60.0
2019-06-21,7d2c632a05bbb03ca97555d61be83c41,5.0,60.0,866.0,,,,390.0,35,195.0
2019-06-22,7d2c632a05bbb03ca97555d61be83c41,1.0,5.0,1192.0,,,,450.0,50,13.0
2019-06-23,7d2c632a05bbb03ca97555d61be83c41,,3.0,1176.0,,,,360.0,57,57.0
2019-06-24,7d2c632a05bbb03ca97555d61be83c41,,14.0,716.0,,,,570.0,33,126.0
2019-06-25,7d2c632a05bbb03ca97555d61be83c41,,16.0,1117.0,,,,525.0,21,68.0
2019-06-26,7d2c632a05bbb03ca97555d61be83c41,1.0,10.0,1152.0,,,,495.0,23,81.0
2019-06-27,7d2c632a05bbb03ca97555d61be83c41,,11.0,1116.0,,,,510.0,25,76.0
2019-06-28,7d2c632a05bbb03ca97555d61be83c41,,14.0,880.0,,,,630.0,51,80.0
2019-06-29,7d2c632a05bbb03ca97555d61be83c41,,,955.0,,,,540.0,12,
2019-06-30,7d2c632a05bbb03ca97555d61be83c41,,,999.0,,,,525.0,33,13.0
2019-07-01,7d2c632a05bbb03ca97555d61be83c41,,7.0,986.0,,,,255.0,27,71.0
2019-07-02,7d2c632a05bbb03ca97555d61be83c41,2.0,25.0,963.0,,,,645.0,46,64.0
2019-07-03,7d2c632a05bbb03ca97555d61be83c41,,15.0,1126.0,,,,390.0,49,82.0
2019-07-04,7d2c632a05bbb03ca97555d61be83c41,,29.0,1210.0,,,,390.0,41,93.0
2019-07-05,7d2c632a05bbb03ca97555d61be83c41,1.0,104.0,676.0,,,,435.0,32,67.0
2019-07-06,7d2c632a05bbb03ca97555d61be83c41,1.0,22.0,1153.0,,,,495.0,45,5.0
2019-07-07,7d2c632a05bbb03ca97555d61be83c41,,51.0,1210.0,,,,600.0,31,21.0
2019-07-08,7d2c632a05bbb03ca97555d61be83c41,1.0,20.0,1192.0,,,,345.0,35,47.0
2019-07-09,7d2c632a05bbb03ca97555d61be83c41,6.0,11.0,1176.0,,,,570.0,28,70.0
2019-07-10,7d2c632a05bbb03ca97555d61be83c41,1.0,30.0,1131.0,,,,660.0,24,104.0
2019-07-11,7d2c632a05bbb03ca97555d61be83c41,2.0,15.0,624.0,,,,660.0,20,80.0
2019-07-12,7d2c632a05bbb03ca97555d61be83c41,5.0,25.0,746.0,,,,405.0,29,82.0
2019-07-13,7d2c632a05bbb03ca97555d61be83c41,,,1339.0,,,,765.0,10,13.0
2019-07-14,7d2c632a05bbb03ca97555d61be83c41,,,1402.0,,,,248.0,35,
2019-07-15,7d2c632a05bbb03ca97555d61be83c41,,12.0,1101.0,,,,450.0,40,91.0
2019-07-16,7d2c632a05bbb03ca97555d61be83c41,13.0,15.0,753.0,,,,645.0,39,112.0
2019-07-17,7d2c632a05bbb03ca97555d61be83c41,1.0,22.0,902.0,,,,450.0,23,110.0
2019-07-18,7d2c632a05bbb03ca97555d61be83c41,,18.0,774.0,,,,285.0,30,90.0
2019-07-19,7d2c632a05bbb03ca97555d61be83c41,1.0,44.0,1009.0,,,,465.0,29,73.0
2019-07-20,7d2c632a05bbb03ca97555d61be83c41,,27.0,1172.0,420.0,,,450.0,80,31.0
2019-07-21,7d2c632a05bbb03ca97555d61be83c41,,,944.0,1310.0,,,390.0,17,59.0
2019-07-22,7d2c632a05bbb03ca97555d61be83c41,1.0,6.0,1082.0,806.0,,,555.0,93,84.0
2019-07-23,7d2c632a05bbb03ca97555d61be83c41,1.0,8.0,829.0,755.0,,,435.0,52,64.0
2019-07-24,7d2c632a05bbb03ca97555d61be83c41,,6.0,1070.0,940.0,,,495.0,26,34.0
2019-07-25,7d2c632a05bbb03ca97555d61be83c41,,9.0,1013.0,875.0,,,420.0,74,29.0
2019-07-26,7d2c632a05bbb03ca97555d61be83c41,1.0,8.0,1171.0,848.0,,,450.0,75,35.0
2019-07-27,7d2c632a05bbb03ca97555d61be83c41,,2.0,1362.0,1206.0,,,645.0,28,8.0
2019-07-28,7d2c632a05bbb03ca97555d61be83c41,,,1367.0,1180.0,,,420.0,16,
2019-07-29,7d2c632a05bbb03ca97555d61be83c41,,9.0,1243.0,828.0,,,315.0,22,24.0
2019-07-30,7d2c632a05bbb03ca97555d61be83c41,,6.0,1147.0,854.0,,,525.0,35,46.0
2019-07-31,7d2c632a05bbb03ca97555d61be83c41,,8.0,1307.0,1102.0,,,225.0,22,25.0
2019-08-01,7d2c632a05bbb03ca97555d61be83c41,,7.0,1139.0,784.0,,,585.0,36,32.0
2019-08-02,7d2c632a05bbb03ca97555d61be83c41,1.0,5.0,1129.0,362.0,,,270.0,42,78.0
2019-08-03,7d2c632a05bbb03ca97555d61be83c41,,,1246.0,1326.0,,,600.0,20,31.0
2019-08-04,7d2c632a05bbb03ca97555d61be83c41,,,1256.0,1435.0,,,300.0,13,
2019-08-05,7d2c632a05bbb03ca97555d61be83c41,,6.0,1230.0,822.0,,,435.0,40,54.0
2019-08-06,7d2c632a05bbb03ca97555d61be83c41,3.0,110.0,869.0,355.0,,,420.0,44,65.0
2019-08-07,7d2c632a05bbb03ca97555d61be83c41,2.0,19.0,901.0,,,,495.0,62,75.0
2019-08-08,7d2c632a05bbb03ca97555d61be83c41,3.0,57.0,912.0,,,,600.0,123,64.0
2019-08-09,7d2c632a05bbb03ca97555d61be83c41,2.0,25.0,1036.0,,,,555.0,63,65.0
2019-08-10,7d2c632a05bbb03ca97555d61be83c41,4.0,14.0,1027.0,,,,600.0,78,81.0
2019-08-11,7d2c632a05bbb03ca97555d61be83c41,2.0,14.0,951.0,,,,675.0,60,100.0
2019-08-12,7d2c632a05bbb03ca97555d61be83c41,1.0,108.0,841.0,484.0,,,480.0,19,30.0
2019-08-13,7d2c632a05bbb03ca97555d61be83c41,,,1315.0,1433.0,,,225.0,23,
2019-08-14,7d2c632a05bbb03ca97555d61be83c41,,,1241.0,,,,300.0,24,
2019-08-15,7d2c632a05bbb03ca97555d61be83c41,,56.0,732.0,750.0,,,300.0,39,90.0
2019-08-16,7d2c632a05bbb03ca97555d61be83c41,4.0,35.0,957.0,622.0,,,540.0,61,87.0
2019-08-17,7d2c632a05bbb03ca97555d61be83c41,,,1440.0,1436.0,,,375.0,18,
2019-08-18,7d2c632a05bbb03ca97555d61be83c41,,,1194.0,1408.0,,,495.0,11,13.0
2019-08-19,7d2c632a05bbb03ca97555d61be83c41,,5.0,1039.0,855.0,,,390.0,33,82.0
2019-08-20,7d2c632a05bbb03ca97555d61be83c41,,8.0,1143.0,737.0,,,630.0,33,44.0
2019-08-21,7d2c632a05bbb03ca97555d61be83c41,5.0,9.0,1124.0,809.0,,,555.0,33,68.0
2019-08-22,7d2c632a05bbb03ca97555d61be83c41,,8.0,1091.0,926.0,,,660.0,21,31.0
2019-08-23,7d2c632a05bbb03ca97555d61be83c41,,4.0,1182.0,580.0,,,330.0,70,50.0
2019-08-24,7d2c632a05bbb03ca97555d61be83c41,1.0,115.0,1039.0,870.0,,,525.0,30,29.0
2019-08-25,7d2c632a05bbb03ca97555d61be83c41,,,1318.0,,,,465.0,8,51.0
2019-08-26,7d2c632a05bbb03ca97555d61be83c41,,,1324.0,,,,255.0,9,
2019-08-27,7d2c632a05bbb03ca97555d61be83c41,,,1439.0,,,,75.0,5,
2019-08-28,7d2c632a05bbb03ca97555d61be83c41,6.0,,801.0,,,,360.0,24,31.0
2019-08-29,7d2c632a05bbb03ca97555d61be83c41,3.0,,1181.0,,,,345.0,34,32.0
2019-08-30,7d2c632a05bbb03ca97555d61be83c41,12.0,,957.0,,55.0,,150.0,31,5.0
2019-08-31,7d2c632a05bbb03ca97555d61be83c41,,,1300.0,,,,300.0,15,2.0
2019-09-01,7d2c632a05bbb03ca97555d61be83c41,5.0,,1133.0,,,,330.0,12,2.0
2019-09-02,7d2c632a05bbb03ca97555d61be83c41,,,1209.0,,,,345.0,9,1.0
2019-09-03,7d2c632a05bbb03ca97555d61be83c41,,,1324.0,,,,630.0,7,1.0
2019-09-04,7d2c632a05bbb03ca97555d61be83c41,,,1328.0,,,,570.0,12,9.0
2019-09-05,7d2c632a05bbb03ca97555d61be83c41,1.0,,1087.0,,,,375.0,33,130.0
2019-09-06,7d2c632a05bbb03ca97555d61be83c41,9.0,,1278.0,,198.0,,360.0,34,40.0
2019-09-07,7d2c632a05bbb03ca97555d61be83c41,5.0,,1357.0,,,170.0,615.0,22,11.0
2019-09-08,7d2c632a05bbb03ca97555d61be83c41,8.0,1.0,1186.0,,61.0,243.0,420.0,20,7.0
2019-09-09,7d2c632a05bbb03ca97555d61be83c41,8.0,,882.0,,105.0,,450.0,25,36.0
2019-09-10,7d2c632a05bbb03ca97555d61be83c41,7.0,,1121.0,,85.0,100.0,360.0,26,23.0
2019-09-11,7d2c632a05bbb03ca97555d61be83c41,8.0,,1241.0,,,85.0,795.0,23,6.0
2019-09-12,7d2c632a05bbb03ca97555d61be83c41,2.0,1.0,1170.0,,82.0,154.0,510.0,25,31.0
2019-09-13,7d2c632a05bbb03ca97555d61be83c41,,,1301.0,,155.0,,450.0,39,29.0
2019-09-14,7d2c632a05bbb03ca97555d61be83c41,19.0,,1135.0,,302.0,,300.0,63,5.0
2019-09-15,7d2c632a05bbb03ca97555d61be83c41,10.0,,1326.0,,,,690.0,28,3.0
2019-09-16,7d2c632a05bbb03ca97555d61be83c41,22.0,,1205.0,515.0,360.0,,195.0,28,15.0
2019-09-17,7d2c632a05bbb03ca97555d61be83c41,12.0,,1292.0,952.0,115.0,,525.0,38,31.0
2019-09-18,7d2c632a05bbb03ca97555d61be83c41,11.0,,1044.0,827.0,196.0,,315.0,64,64.0
2019-09-19,7d2c632a05bbb03ca97555d61be83c41,6.0,1.0,1214.0,921.0,166.0,,300.0,52,35.0
2019-09-20,7d2c632a05bbb03ca97555d61be83c41,6.0,,1344.0,1280.0,125.0,,255.0,32,13.0
2019-09-21,7d2c632a05bbb03ca97555d61be83c41,7.0,,1384.0,1359.0,31.0,,600.0,14,3.0
2019-09-22,7d2c632a05bbb03ca97555d61be83c41,7.0,1.0,1319.0,1258.0,69.0,,420.0,40,7.0
2019-09-23,7d2c632a05bbb03ca97555d61be83c41,1.0,1.0,1220.0,811.0,142.0,,210.0,73,32.0
2019-09-24,7d2c632a05bbb03ca97555d61be83c41,16.0,1.0,1274.0,1099.0,41.0,85.0,240.0,41,23.0
2019-09-25,7d2c632a05bbb03ca97555d61be83c41,12.0,1.0,1123.0,889.0,238.0,100.0,240.0,50,55.0
2019-09-26,7d2c632a05bbb03ca97555d61be83c41,16.0,,1039.0,949.0,,130.0,405.0,48,11.0
2019-09-27,7d2c632a05bbb03ca97555d61be83c41,6.0,,1203.0,1179.0,155.0,,345.0,71,34.0
2019-09-28,7d2c632a05bbb03ca97555d61be83c41,5.0,,1362.0,1385.0,,,405.0,26,4.0
2019-09-29,7d2c632a05bbb03ca97555d61be83c41,5.0,,1374.0,540.0,110.0,,420.0,30,7.0
2019-09-30,7d2c632a05bbb03ca97555d61be83c41,,,1358.0,1390.0,,,240.0,31,9.0
2019-10-01,7d2c632a05bbb03ca97555d61be83c41,14.0,,1279.0,1078.0,,89.0,540.0,32,13.0
2019-10-02,7d2c632a05bbb03ca97555d61be83c41,2.0,,1241.0,1142.0,217.0,,300.0,33,43.0
2019-10-03,7d2c632a05bbb03ca97555d61be83c41,20.0,4.0,1165.0,725.0,64.0,104.0,180.0,34,33.0
2019-10-04,7d2c632a05bbb03ca97555d61be83c41,1.0,,1204.0,971.0,358.0,,510.0,46,39.0
2019-10-05,7d2c632a05bbb03ca97555d61be83c41,,,1402.0,,,,390.0,18,
2019-10-06,7d2c632a05bbb03ca97555d61be83c41,5.0,,1271.0,1169.0,209.0,,240.0,59,13.0
2019-10-07,7d2c632a05bbb03ca97555d61be83c41,1.0,,1130.0,1000.0,320.0,,270.0,49,50.0
2019-10-08,7d2c632a05bbb03ca97555d61be83c41,17.0,,1171.0,824.0,347.0,40.0,600.0,29,63.0
2019-10-09,7d2c632a05bbb03ca97555d61be83c41,3.0,,1335.0,1383.0,,,135.0,14,5.0
2019-10-10,7d2c632a05bbb03ca97555d61be83c41,6.0,,1272.0,1020.0,,115.0,480.0,40,10.0
2019-10-11,7d2c632a05bbb03ca97555d61be83c41,,,1413.0,1425.0,,,285.0,11,
2019-10-12,7d2c632a05bbb03ca97555d61be83c41,3.0,1.0,1323.0,365.0,,,420.0,24,3.0
2019-10-13,7d2c632a05bbb03ca97555d61be83c41,6.0,,1238.0,1178.0,174.0,,435.0,12,31.0
2019-10-14,7d2c632a05bbb03ca97555d61be83c41,6.0,,1122.0,740.0,476.0,,420.0,50,54.0
2019-10-15,7d2c632a05bbb03ca97555d61be83c41,15.0,,1062.0,786.0,35.0,95.0,435.0,37,40.0
2019-10-16,7d2c632a05bbb03ca97555d61be83c41,17.0,2.0,1083.0,808.0,297.0,109.0,720.0,43,21.0
2019-10-17,7d2c632a05bbb03ca97555d61be83c41,6.0,6.0,1287.0,375.0,,,345.0,35,16.0
2019-10-18,7d2c632a05bbb03ca97555d61be83c41,8.0,,1260.0,542.0,793.0,,450.0,32,7.0
2019-10-19,7d2c632a05bbb03ca97555d61be83c41,6.0,1.0,1227.0,1127.0,,166.0,360.0,16,17.0
2019-10-20,7d2c632a05bbb03ca97555d61be83c41,2.0,,1301.0,912.0,164.0,,465.0,7,11.0
2019-10-21,7d2c632a05bbb03ca97555d61be83c41,10.0,,1268.0,1040.0,229.0,,232.0,45,33.0
2019-10-22,7d2c632a05bbb03ca97555d61be83c41,,3.0,1280.0,20.0,60.0,,450.0,71,39.0
2019-10-23,7d2c632a05bbb03ca97555d61be83c41,6.0,,1121.0,,,,570.0,29,17.0
2019-10-24,7d2c632a05bbb03ca97555d61be83c41,,,1120.0,,,,420.0,25,1.0
2019-10-25,7d2c632a05bbb03ca97555d61be83c41,6.0,1.0,1261.0,61.0,,,480.0,47,8.0
2019-10-26,7d2c632a05bbb03ca97555d61be83c41,22.0,1.0,1293.0,627.0,125.0,,225.0,73,14.0
2019-10-27,7d2c632a05bbb03ca97555d61be83c41,2.0,,1333.0,1406.0,,,315.0,14,8.0
2019-10-28,7d2c632a05bbb03ca97555d61be83c41,12.0,,1141.0,932.0,,88.0,420.0,36,36.0
2019-10-29,7d2c632a05bbb03ca97555d61be83c41,11.0,1.0,1039.0,962.0,74.0,94.0,405.0,53,22.0
2019-10-30,7d2c632a05bbb03ca97555d61be83c41,4.0,,1274.0,348.0,,,225.0,27,7.0
2019-10-31,7d2c632a05bbb03ca97555d61be83c41,,,1328.0,1435.0,,,360.0,16,1.0
2019-11-01,7d2c632a05bbb03ca97555d61be83c41,5.0,,1118.0,1333.0,,,495.0,24,6.0
2019-11-02,7d2c632a05bbb03ca97555d61be83c41,3.0,,1312.0,820.0,584.0,,375.0,25,6.0
2019-11-03,7d2c632a05bbb03ca97555d61be83c41,2.0,,1263.0,573.0,448.0,,465.0,35,23.0
2019-11-04,7d2c632a05bbb03ca97555d61be83c41,4.0,2.0,1114.0,424.0,873.0,,180.0,55,53.0
2019-11-05,7d2c632a05bbb03ca97555d61be83c41,18.0,,1159.0,551.0,657.0,,480.0,50,23.0
2019-11-06,7d2c632a05bbb03ca97555d61be83c41,3.0,,1311.0,929.0,92.0,,255.0,31,22.0
2019-11-07,7d2c632a05bbb03ca97555d61be83c41,9.0,,1249.0,986.0,,123.0,510.0,12,14.0
2019-11-08,7d2c632a05bbb03ca97555d61be83c41,,,1440.0,,,,765.0,22,
2019-11-09,7d2c632a05bbb03ca97555d61be83c41,,1.0,1253.0,,,,375.0,13,
2019-11-10,7d2c632a05bbb03ca97555d61be83c41,,,1407.0,1440.0,,,150.0,56,2.0
2019-11-11,7d2c632a05bbb03ca97555d61be83c41,1.0,,1186.0,1065.0,162.0,,270.0,31,29.0
2019-11-12,7d2c632a05bbb03ca97555d61be83c41,2.0,,1093.0,226.0,35.0,105.0,360.0,54,98.0
2019-11-13,7d2c632a05bbb03ca97555d61be83c41,1.0,3.0,1203.0,471.0,61.0,,660.0,29,43.0
2019-11-14,7d2c632a05bbb03ca97555d61be83c41,2.0,,1059.0,728.0,133.0,123.0,180.0,71,71.0
2019-11-15,7d2c632a05bbb03ca97555d61be83c41,,,931.0,978.0,195.0,,360.0,35,55.0
2019-11-16,7d2c632a05bbb03ca97555d61be83c41,,,1119.0,830.0,,,765.0,17,10.0
2019-11-17,7d2c632a05bbb03ca97555d61be83c41,,,1228.0,772.0,,,660.0,48,7.0
2019-11-18,7d2c632a05bbb03ca97555d61be83c41,1.0,,1056.0,585.0,153.0,,165.0,54,69.0
2019-11-19,7d2c632a05bbb03ca97555d61be83c41,,,1103.0,490.0,,,180.0,37,60.0
2019-11-20,7d2c632a05bbb03ca97555d61be83c41,,,1266.0,1221.0,,,420.0,24,23.0
2019-11-21,7d2c632a05bbb03ca97555d61be83c41,2.0,,1305.0,1350.0,,,285.0,13,23.0
2019-11-22,7d2c632a05bbb03ca97555d61be83c41,,,1348.0,1374.0,,,330.0,14,19.0
2019-11-23,7d2c632a05bbb03ca97555d61be83c41,,,872.0,1356.0,51.0,,518.0,7,21.0
2019-11-24,7d2c632a05bbb03ca97555d61be83c41,1.0,,1135.0,1143.0,240.0,,255.0,45,30.0
2019-11-25,7d2c632a05bbb03ca97555d61be83c41,,1.0,1123.0,184.0,317.0,,510.0,20,23.0
2019-11-26,7d2c632a05bbb03ca97555d61be83c41,,,1198.0,1273.0,,,420.0,33,53.0
2019-11-27,7d2c632a05bbb03ca97555d61be83c41,,,1371.0,,,,360.0,5,
2019-11-28,7d2c632a05bbb03ca97555d61be83c41,,,1303.0,1417.0,,,225.0,17,4.0
2019-11-29,7d2c632a05bbb03ca97555d61be83c41,,,686.0,,,,660.0,17,
2019-11-30,7d2c632a05bbb03ca97555d61be83c41,,,1375.0,1438.0,,,435.0,23,
2019-12-01,7d2c632a05bbb03ca97555d61be83c41,,,1293.0,1431.0,,,465.0,12,
2019-12-02,7d2c632a05bbb03ca97555d61be83c41,,,1220.0,1093.0,,145.0,150.0,51,61.0
2019-12-03,7d2c632a05bbb03ca97555d61be83c41,,,1282.0,1200.0,,160.0,360.0,44,36.0
2019-12-04,7d2c632a05bbb03ca97555d61be83c41,1.0,,1194.0,1306.0,,85.0,735.0,24,28.0
2019-12-05,7d2c632a05bbb03ca97555d61be83c41,,,1262.0,1190.0,,205.0,570.0,21,39.0
2019-12-06,7d2c632a05bbb03ca97555d61be83c41,,1.0,1225.0,1136.0,,65.0,525.0,45,35.0
2019-12-07,7d2c632a05bbb03ca97555d61be83c41,,1.0,1122.0,359.0,,106.0,495.0,17,42.0
2019-12-08,7d2c632a05bbb03ca97555d61be83c41,,,1298.0,1430.0,,,315.0,14,2.0
2019-12-09,7d2c632a05bbb03ca97555d61be83c41,,,1125.0,1030.0,55.0,216.0,240.0,64,91.0
2019-12-10,7d2c632a05bbb03ca97555d61be83c41,,4.0,1233.0,600.0,,160.0,540.0,24,53.0
2019-12-11,7d2c632a05bbb03ca97555d61be83c41,1.0,,1243.0,1125.0,,206.0,615.0,25,31.0
2019-12-12,7d2c632a05bbb03ca97555d61be83c41,,6.0,1348.0,580.0,55.0,100.0,495.0,11,18.0
2019-12-21,7d2c632a05bbb03ca97555d61be83c41,,,1434.0,502.0,,,1170.0,,
2019-12-22,7d2c632a05bbb03ca97555d61be83c41,,,1300.0,1404.0,,,495.0,9,14.0
2019-12-23,7d2c632a05bbb03ca97555d61be83c41,,,1409.0,,,,210.0,27,
2019-12-24,7d2c632a05bbb03ca97555d61be83c41,,,1161.0,1429.0,,,300.0,5,2.0
2019-12-25,7d2c632a05bbb03ca97555d61be83c41,,,1368.0,1285.0,,,270.0,24,12.0
2019-12-26,7d2c632a05bbb03ca97555d61be83c41,,,1366.0,1439.0,,,465.0,14,1.0
2019-12-27,7d2c632a05bbb03ca97555d61be83c41,,,1440.0,,,,645.0,9,
2019-12-28,7d2c632a05bbb03ca97555d61be83c41,,,1440.0,1440.0,,,165.0,10,
2019-12-29,7d2c632a05bbb03ca97555d61be83c41,,,1276.0,1363.0,,,270.0,10,22.0
2019-12-30,7d2c632a05bbb03ca97555d61be83c41,,,1383.0,1436.0,,,285.0,36,
2019-12-31,7d2c632a05bbb03ca97555d61be83c41,,,1413.0,1431.0,,,375.0,10,
2020-01-01,7d2c632a05bbb03ca97555d61be83c41,,,1312.0,,,,180.0,23,
2020-01-02,7d2c632a05bbb03ca97555d61be83c41,,5.0,1150.0,1423.0,,,480.0,16,8.0
2020-01-03,7d2c632a05bbb03ca97555d61be83c41,,,1182.0,1133.0,32.0,,540.0,32,38.0
2020-01-04,7d2c632a05bbb03ca97555d61be83c41,,,1288.0,,,,660.0,8,
2020-01-05,7d2c632a05bbb03ca97555d61be83c41,,,1323.0,1435.0,,,75.0,5,1.0
2020-01-06,7d2c632a05bbb03ca97555d61be83c41,1.0,,1159.0,493.0,368.0,,390.0,42,42.0
2020-01-07,7d2c632a05bbb03ca97555d61be83c41,,,1123.0,1012.0,315.0,,330.0,51,52.0
2020-01-08,7d2c632a05bbb03ca97555d61be83c41,3.0,7.0,1158.0,873.0,353.0,,240.0,49,34.0
2020-01-09,7d2c632a05bbb03ca97555d61be83c41,,,1179.0,994.0,436.0,,585.0,20,20.0
2020-01-10,7d2c632a05bbb03ca97555d61be83c41,1.0,,1181.0,1037.0,349.0,,525.0,19,42.0
2020-01-11,7d2c632a05bbb03ca97555d61be83c41,,,1393.0,,,,360.0,5,
2020-01-12,7d2c632a05bbb03ca97555d61be83c41,,,1078.0,,,,210.0,13,1.0
2020-01-13,7d2c632a05bbb03ca97555d61be83c41,,,826.0,758.0,599.0,,150.0,27,114.0
2020-01-14,7d2c632a05bbb03ca97555d61be83c41,,,1149.0,197.0,237.0,,300.0,33,37.0
2020-01-15,7d2c632a05bbb03ca97555d61be83c41,,2.0,1007.0,973.0,266.0,,390.0,34,34.0
2020-01-16,7d2c632a05bbb03ca97555d61be83c41,2.0,,972.0,383.0,414.0,,90.0,21,42.0
2020-01-17,7d2c632a05bbb03ca97555d61be83c41,4.0,,1153.0,1090.0,278.0,,210.0,23,42.0
2020-01-18,7d2c632a05bbb03ca97555d61be83c41,,,1241.0,,,,225.0,7,
2020-01-19,7d2c632a05bbb03ca97555d61be83c41,2.0,1.0,1194.0,1364.0,,,180.0,11,18.0
2020-01-20,7d2c632a05bbb03ca97555d61be83c41,,,1056.0,1030.0,,,480.0,18,15.0
2020-01-21,7d2c632a05bbb03ca97555d61be83c41,,,1113.0,64.0,667.0,98.0,420.0,48,55.0
2020-01-22,7d2c632a05bbb03ca97555d61be83c41,,,1134.0,76.0,750.0,,510.0,32,52.0
2020-01-23,7d2c632a05bbb03ca97555d61be83c41,,,1063.0,553.0,578.0,134.0,285.0,63,91.0
2020-01-24,7d2c632a05bbb03ca97555d61be83c41,5.0,,808.0,818.0,504.0,,240.0,93,57.0
2020-01-25,7d2c632a05bbb03ca97555d61be83c41,,,1293.0,1012.0,,,630.0,14,46.0
2020-01-26,7d2c632a05bbb03ca97555d61be83c41,,,1192.0,1344.0,,,390.0,18,26.0
2020-01-27,7d2c632a05bbb03ca97555d61be83c41,5.0,,1166.0,414.0,490.0,,120.0,39,30.0
2020-01-28,7d2c632a05bbb03ca97555d61be83c41,,,1021.0,681.0,494.0,,180.0,61,31.0
2020-01-29,7d2c632a05bbb03ca97555d61be83c41,,,1081.0,153.0,670.0,,480.0,23,29.0
2020-01-30,7d2c632a05bbb03ca97555d61be83c41,1.0,2.0,1159.0,485.0,409.0,,615.0,50,15.0
2020-01-31,7d2c632a05bbb03ca97555d61be83c41,,,1183.0,1000.0,163.0,,510.0,58,33.0
2020-02-01,7d2c632a05bbb03ca97555d61be83c41,1.0,3.0,1156.0,1163.0,,,330.0,32,55.0
2020-02-02,7d2c632a05bbb03ca97555d61be83c41,,1.0,1189.0,1383.0,51.0,,240.0,52,10.0
2020-02-03,7d2c632a05bbb03ca97555d61be83c41,,,1326.0,1070.0,216.0,,248.0,93,34.0
2020-02-04,7d2c632a05bbb03ca97555d61be83c41,,,1165.0,,849.0,,255.0,127,33.0
2020-02-05,7d2c632a05bbb03ca97555d61be83c41,,1.0,1036.0,432.0,805.0,,150.0,110,40.0
2020-02-06,7d2c632a05bbb03ca97555d61be83c41,,,1306.0,1280.0,115.0,,240.0,39,25.0
2020-02-07,7d2c632a05bbb03ca97555d61be83c41,,3.0,1435.0,,,,120.0,26,
2020-02-08,7d2c632a05bbb03ca97555d61be83c41,,,1440.0,,,,975.0,2,
2020-03-26,7d2c632a05bbb03ca97555d61be83c41,,,1358.0,850.0,,,795.0,80,
2020-03-27,7d2c632a05bbb03ca97555d61be83c41,,,1270.0,,,,270.0,46,
2020-03-28,7d2c632a05bbb03ca97555d61be83c41,,,1379.0,,,,255.0,75,
2020-03-29,7d2c632a05bbb03ca97555d61be83c41,,,1366.0,1427.0,,,480.0,167,2.0
2020-03-30,7d2c632a05bbb03ca97555d61be83c41,,,1370.0,1440.0,,,300.0,90,1.0
2020-03-31,7d2c632a05bbb03ca97555d61be83c41,,,1314.0,1435.0,,,480.0,18,
2020-04-01,7d2c632a05bbb03ca97555d61be83c41,,,1390.0,1444.0,,,510.0,27,1.0
2020-04-02,7d2c632a05bbb03ca97555d61be83c41,,,1399.0,1425.0,,,548.0,31,
2020-04-03,7d2c632a05bbb03ca97555d61be83c41,,,1364.0,1435.0,,,360.0,57,
2020-04-04,7d2c632a05bbb03ca97555d61be83c41,,1.0,1406.0,1440.0,,,420.0,82,
2020-04-05,7d2c632a05bbb03ca97555d61be83c41,,,1376.0,1440.0,,,540.0,120,
2020-04-06,7d2c632a05bbb03ca97555d61be83c41,,,1292.0,1431.0,,,480.0,53,
2020-04-07,7d2c632a05bbb03ca97555d61be83c41,,,1366.0,1443.0,,,570.0,130,
2020-04-08,7d2c632a05bbb03ca97555d61be83c41,,,1394.0,1435.0,,,420.0,91,
2020-04-09,7d2c632a05bbb03ca97555d61be83c41,,,1337.0,1437.0,,,390.0,101,
2020-04-10,7d2c632a05bbb03ca97555d61be83c41,,,1373.0,1432.0,,,495.0,78,
2020-04-11,7d2c632a05bbb03ca97555d61be83c41,2.0,1.0,1346.0,,,,540.0,90,
2020-04-12,7d2c632a05bbb03ca97555d61be83c41,,,1429.0,1438.0,,,495.0,44,1.0
2020-04-13,7d2c632a05bbb03ca97555d61be83c41,,1.0,1363.0,1433.0,,,210.0,96,1.0
2020-04-14,7d2c632a05bbb03ca97555d61be83c41,,,1358.0,,,,465.0,48,
2020-04-15,7d2c632a05bbb03ca97555d61be83c41,,,1336.0,1434.0,,,120.0,52,
2020-04-16,7d2c632a05bbb03ca97555d61be83c41,,,1291.0,,,,465.0,39,
2020-04-17,7d2c632a05bbb03ca97555d61be83c41,,,1254.0,1434.0,,,120.0,71,
2020-04-18,7d2c632a05bbb03ca97555d61be83c41,1.0,,1356.0,1441.0,,,225.0,41,1.0
2020-04-19,7d2c632a05bbb03ca97555d61be83c41,,,1386.0,1433.0,,,435.0,54,
2020-04-20,7d2c632a05bbb03ca97555d61be83c41,,,1415.0,,,,255.0,43,
2020-04-21,7d2c632a05bbb03ca97555d61be83c41,,1.0,1353.0,,,,165.0,20,
2020-04-22,7d2c632a05bbb03ca97555d61be83c41,1.0,12.0,1343.0,1386.0,,,480.0,39,3.0
2020-04-23,7d2c632a05bbb03ca97555d61be83c41,,1.0,1347.0,1426.0,,,225.0,41,3.0
2020-04-24,7d2c632a05bbb03ca97555d61be83c41,,,1396.0,,,,300.0,52,
2020-04-25,7d2c632a05bbb03ca97555d61be83c41,1.0,,1343.0,1438.0,,,255.0,35,1.0
2020-04-26,7d2c632a05bbb03ca97555d61be83c41,,4.0,1336.0,,,,405.0,49,1.0
2020-04-27,7d2c632a05bbb03ca97555d61be83c41,,,1374.0,1434.0,,,225.0,61,
2020-04-28,7d2c632a05bbb03ca97555d61be83c41,,2.0,1370.0,1439.0,,,165.0,55,
2020-04-29,7d2c632a05bbb03ca97555d61be83c41,,1.0,1314.0,1440.0,,,285.0,78,1.0
2020-04-30,7d2c632a05bbb03ca97555d61be83c41,,1.0,1357.0,1435.0,,,195.0,30,
2020-05-01,7d2c632a05bbb03ca97555d61be83c41,,1.0,1302.0,1400.0,,,120.0,112,
2020-05-02,7d2c632a05bbb03ca97555d61be83c41,,1.0,1373.0,,,,330.0,65,
2020-05-03,7d2c632a05bbb03ca97555d61be83c41,,2.0,1345.0,,,,360.0,29,
2020-05-04,7d2c632a05bbb03ca97555d61be83c41,,,1287.0,1424.0,,,120.0,39,
2020-05-05,7d2c632a05bbb03ca97555d61be83c41,,,1314.0,,,,525.0,28,1.0
2020-05-06,7d2c632a05bbb03ca97555d61be83c41,,,1355.0,1434.0,,,495.0,34,
2020-05-07,7d2c632a05bbb03ca97555d61be83c41,,,1359.0,1431.0,,,390.0,22,
2020-05-08,7d2c632a05bbb03ca97555d61be83c41,,,1422.0,,,,240.0,39,1.0
2020-05-09,7d2c632a05bbb03ca97555d61be83c41,,,1319.0,,,,165.0,29,
2020-05-10,7d2c632a05bbb03ca97555d61be83c41,,1.0,1226.0,1440.0,,,315.0,29,1.0
2020-05-11,7d2c632a05bbb03ca97555d61be83c41,,,1206.0,1439.0,,,225.0,36,
2020-05-12,7d2c632a05bbb03ca97555d61be83c41,1.0,,1122.0,1436.0,,,510.0,38,1.0
2020-05-13,7d2c632a05bbb03ca97555d61be83c41,,,1038.0,1438.0,,,210.0,30,
2020-05-14,7d2c632a05bbb03ca97555d61be83c41,,,901.0,1432.0,,,105.0,20,1.0
2020-05-15,7d2c632a05bbb03ca97555d61be83c41,1.0,,1109.0,1440.0,,,255.0,24,
2020-05-16,7d2c632a05bbb03ca97555d61be83c41,,,1226.0,,,,270.0,35,
2020-05-17,7d2c632a05bbb03ca97555d61be83c41,,,1169.0,1240.0,,,360.0,24,
2020-05-18,7d2c632a05bbb03ca97555d61be83c41,,1.0,1163.0,1151.0,,,495.0,29,
2020-05-19,7d2c632a05bbb03ca97555d61be83c41,,,1046.0,1428.0,,,240.0,30,1.0
2020-05-20,7d2c632a05bbb03ca97555d61be83c41,,,1325.0,1438.0,,,450.0,18,
2020-05-21,7d2c632a05bbb03ca97555d61be83c41,,,1185.0,1440.0,,,465.0,23,
2020-05-22,7d2c632a05bbb03ca97555d61be83c41,,1.0,1162.0,1433.0,,,270.0,40,1.0
2020-05-23,7d2c632a05bbb03ca97555d61be83c41,,,1262.0,1394.0,,,330.0,40,39.0
2020-05-24,7d2c632a05bbb03ca97555d61be83c41,,,1299.0,1435.0,,,300.0,28,
2020-05-25,7d2c632a05bbb03ca97555d61be83c41,,,1283.0,1435.0,,,225.0,31,
2020-05-26,7d2c632a05bbb03ca97555d61be83c41,,,1242.0,,,,480.0,44,
2020-05-27,7d2c632a05bbb03ca97555d61be83c41,,1.0,1162.0,1434.0,,,210.0,25,11.0
2020-05-28,7d2c632a05bbb03ca97555d61be83c41,,,1017.0,,,,240.0,26,
2020-05-29,7d2c632a05bbb03ca97555d61be83c41,,,1134.0,,,,180.0,51,
2020-05-30,7d2c632a05bbb03ca97555d61be83c41,,,720.0,1431.0,,,285.0,28,
2020-05-31,7d2c632a05bbb03ca97555d61be83c41,,1.0,1053.0,1311.0,,,330.0,31,
2020-06-01,7d2c632a05bbb03ca97555d61be83c41,,10.0,1122.0,,,,390.0,42,
2020-06-02,7d2c632a05bbb03ca97555d61be83c41,,,931.0,1429.0,,,270.0,54,
2020-06-03,7d2c632a05bbb03ca97555d61be83c41,,,955.0,,,,375.0,25,
2020-06-04,7d2c632a05bbb03ca97555d61be83c41,,,1111.0,,,,195.0,42,
2020-06-05,7d2c632a05bbb03ca97555d61be83c41,,,1098.0,1437.0,,,195.0,28,
2020-06-06,7d2c632a05bbb03ca97555d61be83c41,,,955.0,1434.0,,,435.0,32,
2020-06-07,7d2c632a05bbb03ca97555d61be83c41,,,1129.0,1442.0,,,375.0,24,
2020-06-08,7d2c632a05bbb03ca97555d61be83c41,,,1307.0,1434.0,,,330.0,24,
2020-06-09,7d2c632a05bbb03ca97555d61be83c41,1.0,,1171.0,1381.0,,,300.0,28,17.0
2020-06-10,7d2c632a05bbb03ca97555d61be83c41,,,1095.0,,,,240.0,99,
2020-06-11,7d2c632a05bbb03ca97555d61be83c41,,,1094.0,1434.0,,,225.0,98,1.0
2020-06-12,7d2c632a05bbb03ca97555d61be83c41,,,1183.0,,,,450.0,107,1.0
2020-06-13,7d2c632a05bbb03ca97555d61be83c41,1.0,,1162.0,1403.0,,,435.0,62,16.0
2020-06-14,7d2c632a05bbb03ca97555d61be83c41,,,1168.0,1430.0,,,450.0,62,
2020-06-15,7d2c632a05bbb03ca97555d61be83c41,,1.0,1233.0,,,,255.0,51,
2020-06-16,7d2c632a05bbb03ca97555d61be83c41,,2.0,1139.0,1436.0,,,480.0,28,1.0
2020-06-17,7d2c632a05bbb03ca97555d61be83c41,1.0,2.0,1193.0,,,,195.0,65,
2020-06-18,7d2c632a05bbb03ca97555d61be83c41,,,1163.0,1402.0,,,345.0,54,6.0
2020-06-19,7d2c632a05bbb03ca97555d61be83c41,,,839.0,1400.0,,,285.0,47,6.0
2020-06-20,7d2c632a05bbb03ca97555d61be83c41,,,1257.0,1388.0,,,390.0,74,22.0
2020-06-21,7d2c632a05bbb03ca97555d61be83c41,,,1194.0,1034.0,,,420.0,89,26.0
2020-06-22,7d2c632a05bbb03ca97555d61be83c41,,1.0,1148.0,,,,225.0,49,
2020-06-23,7d2c632a05bbb03ca97555d61be83c41,,,1056.0,1385.0,,,240.0,74,3.0
2020-06-24,7d2c632a05bbb03ca97555d61be83c41,,,1193.0,1385.0,,,435.0,70,
2020-06-25,7d2c632a05bbb03ca97555d61be83c41,,,1191.0,1361.0,,,435.0,98,6.0
2020-06-26,7d2c632a05bbb03ca97555d61be83c41,1.0,15.0,1071.0,1264.0,,,450.0,136,29.0
2020-06-27,7d2c632a05bbb03ca97555d61be83c41,,,1188.0,1038.0,,,390.0,90,34.0
2020-06-28,7d2c632a05bbb03ca97555d61be83c41,,,1100.0,1435.0,,,420.0,67,
2020-06-29,7d2c632a05bbb03ca97555d61be83c41,,3.0,938.0,1383.0,,,360.0,78,21.0
2020-06-30,7d2c632a05bbb03ca97555d61be83c41,,,979.0,1374.0,,,420.0,95,19.0
2020-07-01,7d2c632a05bbb03ca97555d61be83c41,1.0,,1019.0,,,,165.0,89,9.0
2020-07-02,7d2c632a05bbb03ca97555d61be83c41,1.0,,1101.0,1402.0,,,315.0,91,5.0
2020-07-03,7d2c632a05bbb03ca97555d61be83c41,,,1034.0,,,,195.0,51,
2020-07-04,7d2c632a05bbb03ca97555d61be83c41,,,1200.0,1441.0,,,285.0,50,7.0
2020-07-05,7d2c632a05bbb03ca97555d61be83c41,,,1048.0,1429.0,,,420.0,27,
2020-07-06,7d2c632a05bbb03ca97555d61be83c41,,,1025.0,,,,405.0,47,1.0
2020-07-07,7d2c632a05bbb03ca97555d61be83c41,,,1279.0,1435.0,,,270.0,55,
2020-07-08,7d2c632a05bbb03ca97555d61be83c41,,7.0,743.0,1322.0,,,270.0,44,9.0
2020-07-09,7d2c632a05bbb03ca97555d61be83c41,4.0,,1056.0,,,,195.0,44,1.0
2020-07-10,7d2c632a05bbb03ca97555d61be83c41,,,1173.0,1293.0,,,270.0,54,41.0
2020-07-11,7d2c632a05bbb03ca97555d61be83c41,,,1289.0,1418.0,,,255.0,78,4.0
2020-07-12,7d2c632a05bbb03ca97555d61be83c41,,,1087.0,,,,450.0,28,
2020-07-13,7d2c632a05bbb03ca97555d61be83c41,,1.0,1127.0,,,,435.0,60,1.0
2020-07-14,7d2c632a05bbb03ca97555d61be83c41,,,1196.0,1440.0,,,150.0,73,
2020-07-15,7d2c632a05bbb03ca97555d61be83c41,,,1318.0,1418.0,,,330.0,64,
2020-07-16,7d2c632a05bbb03ca97555d61be83c41,,,1084.0,1438.0,,,240.0,46,1.0
2020-07-17,7d2c632a05bbb03ca97555d61be83c41,,,1085.0,,,,165.0,37,
2020-07-18,7d2c632a05bbb03ca97555d61be83c41,,,1187.0,1434.0,,,210.0,26,
2020-07-19,7d2c632a05bbb03ca97555d61be83c41,1.0,,1036.0,,,,495.0,36,
2020-07-20,7d2c632a05bbb03ca97555d61be83c41,,,1143.0,1434.0,,,315.0,25,3.0
2020-07-21,7d2c632a05bbb03ca97555d61be83c41,,,1234.0,1364.0,,,270.0,93,1.0
2020-07-22,7d2c632a05bbb03ca97555d61be83c41,,,1162.0,1389.0,,,375.0,65,14.0
2020-07-23,7d2c632a05bbb03ca97555d61be83c41,,,1187.0,1436.0,,,450.0,58,
2020-07-24,7d2c632a05bbb03ca97555d61be83c41,,,1112.0,,,,240.0,53,
2020-07-25,7d2c632a05bbb03ca97555d61be83c41,,,1114.0,1435.0,,,225.0,53,
2020-07-26,7d2c632a05bbb03ca97555d61be83c41,1.0,,1166.0,,,,225.0,56,
2020-07-27,7d2c632a05bbb03ca97555d61be83c41,,,839.0,1439.0,,,255.0,45,
2020-07-28,7d2c632a05bbb03ca97555d61be83c41,,,1113.0,1440.0,,,255.0,20,
2020-07-29,7d2c632a05bbb03ca97555d61be83c41,,,1321.0,,,,450.0,66,4.0
2020-07-30,7d2c632a05bbb03ca97555d61be83c41,,,737.0,1430.0,,,300.0,38,
2020-07-31,7d2c632a05bbb03ca97555d61be83c41,,,1019.0,1440.0,,,270.0,39,
2020-08-01,7d2c632a05bbb03ca97555d61be83c41,,,1194.0,1437.0,,,450.0,27,6.0
2020-08-02,7d2c632a05bbb03ca97555d61be83c41,,,1279.0,,,,390.0,34,1.0
2020-08-03,7d2c632a05bbb03ca97555d61be83c41,,,1112.0,1432.0,,,195.0,37,
2020-08-04,7d2c632a05bbb03ca97555d61be83c41,,,1321.0,,,,555.0,47,
2020-08-05,7d2c632a05bbb03ca97555d61be83c41,1.0,,1288.0,1439.0,,,240.0,53,1.0
2020-08-06,7d2c632a05bbb03ca97555d61be83c41,,2.0,1188.0,1436.0,,,315.0,40,2.0
2020-08-07,7d2c632a05bbb03ca97555d61be83c41,,,1310.0,,,,360.0,38,
2020-08-08,7d2c632a05bbb03ca97555d61be83c41,,,996.0,1370.0,,,525.0,38,13.0
2020-08-09,7d2c632a05bbb03ca97555d61be83c41,,,1013.0,,,,315.0,39,
2020-08-10,7d2c632a05bbb03ca97555d61be83c41,,,1111.0,1311.0,,,540.0,89,18.0
2020-08-11,7d2c632a05bbb03ca97555d61be83c41,,,1208.0,1434.0,,,345.0,48,
2020-08-12,7d2c632a05bbb03ca97555d61be83c41,,,1288.0,1442.0,,,210.0,49,3.0
2020-08-13,7d2c632a05bbb03ca97555d61be83c41,1.0,,996.0,1263.0,,,240.0,64,7.0
2020-08-14,7d2c632a05bbb03ca97555d61be83c41,,,1253.0,,,,300.0,38,1.0
2020-08-15,7d2c632a05bbb03ca97555d61be83c41,11.0,,1204.0,,,,330.0,29,
2020-08-16,7d2c632a05bbb03ca97555d61be83c41,,,1243.0,1433.0,,,585.0,36,
2020-08-17,7d2c632a05bbb03ca97555d61be83c41,,,1201.0,1438.0,,,330.0,30,
2020-08-18,7d2c632a05bbb03ca97555d61be83c41,4.0,2.0,1189.0,1128.0,,,540.0,55,1.0
2020-08-19,7d2c632a05bbb03ca97555d61be83c41,,,1166.0,1010.0,,,600.0,34,
2020-08-20,7d2c632a05bbb03ca97555d61be83c41,,1.0,1145.0,1432.0,,,225.0,46,
2020-08-21,7d2c632a05bbb03ca97555d61be83c41,,,1343.0,,,,270.0,17,
2020-08-22,7d2c632a05bbb03ca97555d61be83c41,1.0,,1163.0,1349.0,,,315.0,37,27.0
2020-08-23,7d2c632a05bbb03ca97555d61be83c41,,,1236.0,1439.0,,,630.0,24,
2020-08-24,7d2c632a05bbb03ca97555d61be83c41,,,1325.0,,,,390.0,37,
2020-08-25,7d2c632a05bbb03ca97555d61be83c41,,,1252.0,1387.0,,,540.0,50,4.0
2020-08-26,7d2c632a05bbb03ca97555d61be83c41,,,1169.0,1396.0,,,495.0,46,17.0
2020-08-27,7d2c632a05bbb03ca97555d61be83c41,,3.0,1107.0,1187.0,,,240.0,30,1.0
2020-08-28,7d2c632a05bbb03ca97555d61be83c41,,,1177.0,,,,165.0,53,
2020-08-29,7d2c632a05bbb03ca97555d61be83c41,,,1267.0,,,,435.0,34,
2020-08-30,7d2c632a05bbb03ca97555d61be83c41,,,1379.0,1437.0,,,585.0,15,
2020-08-31,7d2c632a05bbb03ca97555d61be83c41,,,1200.0,1430.0,,,270.0,47,
2020-09-01,7d2c632a05bbb03ca97555d61be83c41,,,1215.0,1440.0,,,315.0,46,
2020-09-02,7d2c632a05bbb03ca97555d61be83c41,,1.0,1155.0,,,,285.0,63,
2020-09-03,7d2c632a05bbb03ca97555d61be83c41,,,1181.0,1439.0,,,525.0,35,
2020-09-04,7d2c632a05bbb03ca97555d61be83c41,,,1250.0,1434.0,,,420.0,42,
2020-09-05,7d2c632a05bbb03ca97555d61be83c41,,,1209.0,1339.0,,,300.0,44,9.0
2020-09-06,7d2c632a05bbb03ca97555d61be83c41,,50.0,1211.0,1049.0,,,465.0,83,
2020-09-07,7d2c632a05bbb03ca97555d61be83c41,,,1193.0,,,,255.0,48,
2020-09-08,7d2c632a05bbb03ca97555d61be83c41,,,1121.0,1438.0,,,345.0,49,1.0
2020-09-09,7d2c632a05bbb03ca97555d61be83c41,,,1323.0,1438.0,,,360.0,79,
2020-09-10,7d2c632a05bbb03ca97555d61be83c41,,14.0,1030.0,1430.0,,,270.0,53,
2020-09-11,7d2c632a05bbb03ca97555d61be83c41,,,1182.0,1436.0,,,105.0,57,
2020-09-12,7d2c632a05bbb03ca97555d61be83c41,1.0,,1130.0,,,,165.0,76,1.0
2020-09-13,7d2c632a05bbb03ca97555d61be83c41,,,1195.0,1378.0,,,435.0,61,6.0
2020-09-14,7d2c632a05bbb03ca97555d61be83c41,,,1306.0,1434.0,,,420.0,38,
2020-09-15,7d2c632a05bbb03ca97555d61be83c41,2.0,,1395.0,,,,255.0,37,
2020-09-16,7d2c632a05bbb03ca97555d61be83c41,,,1174.0,1430.0,,,150.0,42,
2020-09-17,7d2c632a05bbb03ca97555d61be83c41,,,1148.0,,,,165.0,32,
2020-09-18,7d2c632a05bbb03ca97555d61be83c41,,,1320.0,1436.0,,,525.0,68,
2020-09-19,7d2c632a05bbb03ca97555d61be83c41,,,1353.0,1440.0,,,150.0,41,
2020-09-20,7d2c632a05bbb03ca97555d61be83c41,,,1199.0,1389.0,,,435.0,58,24.0
2020-09-21,7d2c632a05bbb03ca97555d61be83c41,,28.0,1293.0,1411.0,,,180.0,62,1.0
2020-09-22,7d2c632a05bbb03ca97555d61be83c41,,,1249.0,1436.0,,,240.0,41,1.0
2020-09-23,7d2c632a05bbb03ca97555d61be83c41,,1.0,1061.0,1427.0,,,480.0,57,5.0
2020-09-24,7d2c632a05bbb03ca97555d61be83c41,,,1323.0,,,,300.0,28,
2020-09-25,7d2c632a05bbb03ca97555d61be83c41,,,1314.0,,,,240.0,47,
2020-09-26,7d2c632a05bbb03ca97555d61be83c41,,,1199.0,,,,375.0,23,
2020-09-27,7d2c632a05bbb03ca97555d61be83c41,,,1157.0,1433.0,,,120.0,33,
2020-09-28,7d2c632a05bbb03ca97555d61be83c41,,,1313.0,1439.0,,,345.0,48,
2020-09-29,7d2c632a05bbb03ca97555d61be83c41,,,1316.0,,,,345.0,15,2.0
2020-09-30,7d2c632a05bbb03ca97555d61be83c41,,,1299.0,,,,180.0,29,
2020-10-01,7d2c632a05bbb03ca97555d61be83c41,,,1217.0,1441.0,,,105.0,36,
2020-10-02,7d2c632a05bbb03ca97555d61be83c41,,,1400.0,1425.0,,,240.0,32,
2020-10-03,7d2c632a05bbb03ca97555d61be83c41,,,1360.0,,,,570.0,36,
2020-10-04,7d2c632a05bbb03ca97555d61be83c41,,,1319.0,1435.0,,,390.0,24,
2020-10-05,7d2c632a05bbb03ca97555d61be83c41,,,1342.0,1437.0,,,240.0,35,
2020-10-06,7d2c632a05bbb03ca97555d61be83c41,,1.0,1373.0,1445.0,,,405.0,30,
2020-10-07,7d2c632a05bbb03ca97555d61be83c41,,,1024.0,1435.0,,,330.0,42,
2020-10-08,7d2c632a05bbb03ca97555d61be83c41,,,1365.0,1431.0,,,195.0,30,
2020-10-09,7d2c632a05bbb03ca97555d61be83c41,,,1355.0,,,,195.0,39,
2020-10-10,7d2c632a05bbb03ca97555d61be83c41,,,1419.0,,,,480.0,11,
2020-10-11,7d2c632a05bbb03ca97555d61be83c41,,,1328.0,1432.0,,,240.0,18,
2020-10-12,7d2c632a05bbb03ca97555d61be83c41,,1.0,1058.0,,,,300.0,33,
2020-10-13,7d2c632a05bbb03ca97555d61be83c41,,,1166.0,,,,480.0,32,3.0
2020-10-14,7d2c632a05bbb03ca97555d61be83c41,,20.0,1329.0,,,,285.0,45,
2020-10-15,7d2c632a05bbb03ca97555d61be83c41,,,1401.0,1439.0,,,225.0,16,
2020-10-16,7d2c632a05bbb03ca97555d61be83c41,,,1346.0,1437.0,,,90.0,28,
2020-10-17,7d2c632a05bbb03ca97555d61be83c41,,,1251.0,,,,315.0,43,
2020-10-18,7d2c632a05bbb03ca97555d61be83c41,,,1281.0,1435.0,,,255.0,33,
2020-10-19,7d2c632a05bbb03ca97555d61be83c41,,10.0,1272.0,1276.0,,,165.0,37,
2020-10-20,7d2c632a05bbb03ca97555d61be83c41,,,1333.0,1420.0,,,465.0,42,2.0
2020-10-21,7d2c632a05bbb03ca97555d61be83c41,,,1302.0,1434.0,,,270.0,25,26.0
2020-10-22,7d2c632a05bbb03ca97555d61be83c41,,1.0,1252.0,,,,75.0,22,
2020-10-23,7d2c632a05bbb03ca97555d61be83c41,,,1275.0,1434.0,,,285.0,16,
2020-10-24,7d2c632a05bbb03ca97555d61be83c41,,,1007.0,,,,180.0,27,
2020-10-25,7d2c632a05bbb03ca97555d61be83c41,,,1336.0,1434.0,,,270.0,27,
2020-10-26,7d2c632a05bbb03ca97555d61be83c41,,,1327.0,,,,315.0,24,
2020-10-27,7d2c632a05bbb03ca97555d61be83c41,,,1164.0,1434.0,,,105.0,30,1.0
2020-10-28,7d2c632a05bbb03ca97555d61be83c41,,,1287.0,,,,240.0,28,
2020-10-29,7d2c632a05bbb03ca97555d61be83c41,,,1350.0,,,,240.0,35,9.0
2020-10-30,7d2c632a05bbb03ca97555d61be83c41,,,1219.0,1431.0,,,210.0,42,1.0
2020-10-31,7d2c632a05bbb03ca97555d61be83c41,,,1353.0,,,,480.0,20,
2020-11-01,7d2c632a05bbb03ca97555d61be83c41,,,1315.0,,,,150.0,22,
2020-11-02,7d2c632a05bbb03ca97555d61be83c41,,,1390.0,,,,300.0,40,1.0
2020-11-03,7d2c632a05bbb03ca97555d61be83c41,,,1293.0,1439.0,,,375.0,44,1.0
2020-11-04,7d2c632a05bbb03ca97555d61be83c41,,,1368.0,1434.0,,,330.0,14,
2020-11-05,7d2c632a05bbb03ca97555d61be83c41,,,1286.0,,,,480.0,54,
2020-11-06,7d2c632a05bbb03ca97555d61be83c41,,,1250.0,1443.0,,,270.0,27,
2020-11-07,7d2c632a05bbb03ca97555d61be83c41,,,1171.0,1429.0,,,210.0,28,
2020-11-08,7d2c632a05bbb03ca97555d61be83c41,,,1264.0,,,,225.0,43,4.0
2020-11-09,7d2c632a05bbb03ca97555d61be83c41,,,1332.0,1435.0,,,225.0,32,
2020-11-10,7d2c632a05bbb03ca97555d61be83c41,,,1395.0,,,,150.0,17,
2020-11-11,7d2c632a05bbb03ca97555d61be83c41,,,1400.0,1440.0,,,165.0,15,1.0
2020-11-12,7d2c632a05bbb03ca97555d61be83c41,,2.0,1165.0,1434.0,,,105.0,35,
2020-11-13,7d2c632a05bbb03ca97555d61be83c41,,,1258.0,,,,75.0,27,
2020-11-14,7d2c632a05bbb03ca97555d61be83c41,,,1252.0,,,,480.0,54,1.0
2020-11-15,7d2c632a05bbb03ca97555d61be83c41,,,1193.0,1431.0,,,390.0,45,
2020-11-16,7d2c632a05bbb03ca97555d61be83c41,,,954.0,1437.0,,,75.0,47,
2020-11-17,7d2c632a05bbb03ca97555d61be83c41,,,1325.0,,,,480.0,26,
2020-11-18,7d2c632a05bbb03ca97555d61be83c41,,,1353.0,,,,195.0,38,
2020-11-19,7d2c632a05bbb03ca97555d61be83c41,,,1067.0,,,,300.0,25,1.0
2020-11-20,7d2c632a05bbb03ca97555d61be83c41,,,1328.0,1439.0,,,375.0,19,
2020-11-21,7d2c632a05bbb03ca97555d61be83c41,1.0,28.0,959.0,1181.0,,,210.0,78,8.0
2020-11-22,7d2c632a05bbb03ca97555d61be83c41,,21.0,1219.0,1350.0,,,285.0,39,
2020-11-23,7d2c632a05bbb03ca97555d61be83c41,,,1233.0,1426.0,,,210.0,50,
2020-11-24,7d2c632a05bbb03ca97555d61be83c41,,,1313.0,,,,210.0,38,
2020-11-25,7d2c632a05bbb03ca97555d61be83c41,,,1322.0,1432.0,,,225.0,48,
2020-11-26,7d2c632a05bbb03ca97555d61be83c41,,1.0,1379.0,1444.0,,,165.0,23,
2020-11-27,7d2c632a05bbb03ca97555d61be83c41,,,1299.0,1440.0,,,255.0,14,
2020-11-28,7d2c632a05bbb03ca97555d61be83c41,,,1137.0,1437.0,,,105.0,33,
2020-11-29,7d2c632a05bbb03ca97555d61be83c41,,1.0,1219.0,,,,180.0,33,
2020-11-30,7d2c632a05bbb03ca97555d61be83c41,,,1205.0,1437.0,,,210.0,46,
2020-12-01,7d2c632a05bbb03ca97555d61be83c41,,,1343.0,,,,375.0,38,
2020-12-02,7d2c632a05bbb03ca97555d61be83c41,,,1162.0,1439.0,,,165.0,23,
2020-12-03,7d2c632a05bbb03ca97555d61be83c41,,18.0,1279.0,1384.0,,,165.0,47,16.0
2020-12-04,7d2c632a05bbb03ca97555d61be83c41,,,1282.0,,,,540.0,36,
2020-12-05,7d2c632a05bbb03ca97555d61be83c41,,,1374.0,1438.0,,,570.0,23,1.0
2020-12-06,7d2c632a05bbb03ca97555d61be83c41,,,1197.0,1437.0,,,195.0,30,
2020-12-07,7d2c632a05bbb03ca97555d61be83c41,,,1258.0,1440.0,,,75.0,74,
2020-12-08,7d2c632a05bbb03ca97555d61be83c41,,,1250.0,1433.0,,,285.0,69,
2020-12-09,7d2c632a05bbb03ca97555d61be83c41,,,1263.0,,,,120.0,45,
2020-12-10,7d2c632a05bbb03ca97555d61be83c41,,,1158.0,,,,90.0,58,
2020-12-11,7d2c632a05bbb03ca97555d61be83c41,,,1229.0,1438.0,,,165.0,65,
2020-12-12,7d2c632a05bbb03ca97555d61be83c41,,,1191.0,1434.0,,,270.0,78,
2020-12-13,7d2c632a05bbb03ca97555d61be83c41,,,1061.0,,,,240.0,60,
2020-12-14,7d2c632a05bbb03ca97555d61be83c41,1.0,1.0,1236.0,1436.0,,,195.0,60,1.0
2020-12-15,7d2c632a05bbb03ca97555d61be83c41,,,1261.0,,,,300.0,71,2.0
2020-12-16,7d2c632a05bbb03ca97555d61be83c41,,,1303.0,1434.0,,,510.0,81,
2020-12-17,7d2c632a05bbb03ca97555d61be83c41,,,1151.0,,,,165.0,54,
2020-12-18,7d2c632a05bbb03ca97555d61be83c41,,,1188.0,1438.0,,,135.0,31,1.0
2020-12-19,7d2c632a05bbb03ca97555d61be83c41,,,1208.0,1436.0,,,360.0,38,
2020-12-20,7d2c632a05bbb03ca97555d61be83c41,,,1164.0,1444.0,,,225.0,39,
2020-12-21,7d2c632a05bbb03ca97555d61be83c41,,,1231.0,1435.0,,,480.0,36,
2020-12-22,7d2c632a05bbb03ca97555d61be83c41,1.0,,1237.0,1434.0,,,315.0,36,
2020-12-23,7d2c632a05bbb03ca97555d61be83c41,1.0,,1322.0,1434.0,,,360.0,29,2.0
2020-12-24,7d2c632a05bbb03ca97555d61be83c41,,,1366.0,,,,255.0,16,
2020-12-25,7d2c632a05bbb03ca97555d61be83c41,,,1263.0,,,,465.0,17,1.0
2020-12-26,7d2c632a05bbb03ca97555d61be83c41,,,1176.0,1390.0,,,255.0,41,9.0
2020-12-27,7d2c632a05bbb03ca97555d61be83c41,,,1157.0,1390.0,,,480.0,24,16.0
2020-12-28,7d2c632a05bbb03ca97555d61be83c41,,,1002.0,1415.0,,,180.0,31,1.0
2020-12-29,7d2c632a05bbb03ca97555d61be83c41,,1.0,1282.0,,,,210.0,24,2.0
2020-12-30,7d2c632a05bbb03ca97555d61be83c41,1.0,1.0,1112.0,,,,330.0,24,
2020-12-31,7d2c632a05bbb03ca97555d61be83c41,,,1136.0,1435.0,,,435.0,22,3.0
2021-01-01,7d2c632a05bbb03ca97555d61be83c41,,,1137.0,1412.0,,,225.0,35,1.0
2021-01-02,7d2c632a05bbb03ca97555d61be83c41,,,1074.0,1435.0,,,195.0,36,
2021-01-03,7d2c632a05bbb03ca97555d61be83c41,,,1393.0,,,,450.0,16,1.0
2021-01-04,7d2c632a05bbb03ca97555d61be83c41,,,1336.0,1439.0,,,255.0,26,
2021-01-05,7d2c632a05bbb03ca97555d61be83c41,1.0,,1126.0,1432.0,,,225.0,36,
2021-01-06,7d2c632a05bbb03ca97555d61be83c41,,1.0,1106.0,1411.0,,,450.0,36,
2021-01-07,7d2c632a05bbb03ca97555d61be83c41,,,1264.0,,,,255.0,107,
2021-01-08,7d2c632a05bbb03ca97555d61be83c41,1.0,,1305.0,,,,330.0,55,
2021-01-09,7d2c632a05bbb03ca97555d61be83c41,,,1205.0,,,,255.0,31,4.0
2021-01-10,7d2c632a05bbb03ca97555d61be83c41,,,1162.0,,,,105.0,28,
2021-01-11,7d2c632a05bbb03ca97555d61be83c41,,,1114.0,,,,120.0,57,
2021-01-12,7d2c632a05bbb03ca97555d61be83c41,,,1079.0,,,,150.0,44,
2021-01-13,7d2c632a05bbb03ca97555d61be83c41,38.0,,1161.0,,,,180.0,32,2.0
2021-01-14,7d2c632a05bbb03ca97555d61be83c41,,,1207.0,,,,240.0,23,
2021-01-15,7d2c632a05bbb03ca97555d61be83c41,,53.0,1072.0,,,,300.0,60,2.0
2021-01-16,7d2c632a05bbb03ca97555d61be83c41,4.0,52.0,1024.0,521.0,135.0,,202.0,35,4.0
2021-01-17,7d2c632a05bbb03ca97555d61be83c41,,1.0,1292.0,1218.0,115.0,,60.0,60,1.0
2021-01-18,7d2c632a05bbb03ca97555d61be83c41,,,1031.0,919.0,180.0,,435.0,109,17.0
2021-01-19,7d2c632a05bbb03ca97555d61be83c41,,,1200.0,1153.0,65.0,,150.0,43,66.0
2021-01-20,7d2c632a05bbb03ca97555d61be83c41,3.0,1.0,1188.0,1178.0,156.0,,210.0,66,8.0
2021-01-21,7d2c632a05bbb03ca97555d61be83c41,,,1326.0,1012.0,351.0,,60.0,40,
2021-01-22,7d2c632a05bbb03ca97555d61be83c41,1.0,1.0,1174.0,953.0,302.0,,465.0,60,22.0
2021-01-23,7d2c632a05bbb03ca97555d61be83c41,,,1119.0,1240.0,106.0,,360.0,38,45.0
2021-01-24,7d2c632a05bbb03ca97555d61be83c41,,,1251.0,1290.0,73.0,,105.0,18,1.0
2021-01-25,7d2c632a05bbb03ca97555d61be83c41,,,1278.0,969.0,151.0,,128.0,29,30.0
2021-01-26,7d2c632a05bbb03ca97555d61be83c41,,,1002.0,965.0,30.0,,75.0,52,55.0
2021-01-27,7d2c632a05bbb03ca97555d61be83c41,,,1244.0,995.0,10.0,,,31,28.0
2021-01-28,7d2c632a05bbb03ca97555d61be83c41,1.0,2.0,1189.0,545.0,10.0,,645.0,44,19.0
2021-01-29,7d2c632a05bbb03ca97555d61be83c41,,,1061.0,887.0,,,225.0,54,60.0
2021-01-30,7d2c632a05bbb03ca97555d61be83c41,,,988.0,636.0,,,240.0,37,12.0
2021-01-31,7d2c632a05bbb03ca97555d61be83c41,,,1068.0,1112.0,,,375.0,38,44.0
2021-02-01,7d2c632a05bbb03ca97555d61be83c41,,,1259.0,996.0,31.0,,105.0,46,25.0
2021-02-02,7d2c632a05bbb03ca97555d61be83c41,,,1161.0,,609.0,,60.0,85,27.0
2021-02-03,7d2c632a05bbb03ca97555d61be83c41,12.0,,1211.0,762.0,,,180.0,33,29.0
2021-02-04,7d2c632a05bbb03ca97555d61be83c41,,1.0,1115.0,550.0,,,150.0,71,36.0
2021-02-05,7d2c632a05bbb03ca97555d61be83c41,1.0,,1197.0,376.0,421.0,,195.0,39,79.0
2021-02-06,7d2c632a05bbb03ca97555d61be83c41,,1.0,1095.0,535.0,61.0,,510.0,65,83.0
2021-02-07,7d2c632a05bbb03ca97555d61be83c41,,,1203.0,647.0,123.0,,180.0,23,22.0
2021-02-08,7d2c632a05bbb03ca97555d61be83c41,,,1144.0,296.0,,,225.0,42,56.0
2021-02-09,7d2c632a05bbb03ca97555d61be83c41,,,1220.0,133.0,,,90.0,60,79.0
2021-02-10,7d2c632a05bbb03ca97555d61be83c41,,1.0,1303.0,,,,240.0,19,9.0
2021-02-11,7d2c632a05bbb03ca97555d61be83c41,,,1075.0,,,,262.0,23,
2021-02-12,7d2c632a05bbb03ca97555d61be83c41,1.0,,1284.0,,,,105.0,14,40.0
2021-02-13,7d2c632a05bbb03ca97555d61be83c41,,,1249.0,,,,480.0,26,43.0
2021-02-14,7d2c632a05bbb03ca97555d61be83c41,,1.0,1070.0,,,,255.0,48,49.0
2021-02-15,7d2c632a05bbb03ca97555d61be83c41,,,1250.0,,,,240.0,39,21.0
2021-02-16,7d2c632a05bbb03ca97555d61be83c41,,7.0,1104.0,,,,,62,7.0
2021-02-17,7d2c632a05bbb03ca97555d61be83c41,,,1089.0,,,,255.0,58,27.0
2021-02-18,7d2c632a05bbb03ca97555d61be83c41,,,1180.0,,,,210.0,59,25.0
2021-02-19,7d2c632a05bbb03ca97555d61be83c41,,,1245.0,,,,165.0,61,73.0
2021-02-20,7d2c632a05bbb03ca97555d61be83c41,,,1266.0,,,,345.0,41,17.0
2021-02-21,7d2c632a05bbb03ca97555d61be83c41,,,1069.0,,,,210.0,59,52.0
2021-02-22,7d2c632a05bbb03ca97555d61be83c41,,2.0,1140.0,,,,105.0,44,31.0
2021-02-23,7d2c632a05bbb03ca97555d61be83c41,,3.0,1201.0,,,,465.0,30,21.0
2021-02-24,7d2c632a05bbb03ca97555d61be83c41,,,1134.0,,,,120.0,45,
2021-02-25,7d2c632a05bbb03ca97555d61be83c41,25.0,1.0,1279.0,,,,135.0,24,1.0
2021-02-26,7d2c632a05bbb03ca97555d61be83c41,,1.0,1203.0,,,,480.0,27,20.0
2021-02-27,7d2c632a05bbb03ca97555d61be83c41,,2.0,1355.0,,,,225.0,7,
2021-02-28,7d2c632a05bbb03ca97555d61be83c41,,,1285.0,,,,420.0,11,20.0
2021-03-01,7d2c632a05bbb03ca97555d61be83c41,,1.0,1246.0,,,,210.0,17,19.0
2021-03-02,7d2c632a05bbb03ca97555d61be83c41,,,1173.0,,,,210.0,32,30.0
2021-03-03,7d2c632a05bbb03ca97555d61be83c41,,1.0,1086.0,,,,330.0,30,25.0
2021-03-04,7d2c632a05bbb03ca97555d61be83c41,,,1080.0,,,,390.0,22,23.0
2021-03-05,7d2c632a05bbb03ca97555d61be83c41,,,1243.0,,,,270.0,25,51.0
2021-03-06,7d2c632a05bbb03ca97555d61be83c41,,,1300.0,,,,225.0,23,18.0
2021-03-07,7d2c632a05bbb03ca97555d61be83c41,,,1182.0,,,,150.0,24,
2021-03-08,7d2c632a05bbb03ca97555d61be83c41,1.0,,1172.0,,,,120.0,37,39.0
2021-03-09,7d2c632a05bbb03ca97555d61be83c41,1.0,2.0,1168.0,,,,210.0,51,55.0
2021-03-10,7d2c632a05bbb03ca97555d61be83c41,,,1159.0,,,,510.0,34,39.0
2021-03-11,7d2c632a05bbb03ca97555d61be83c41,,3.0,1137.0,,,,240.0,23,71.0
2021-03-12,7d2c632a05bbb03ca97555d61be83c41,1.0,1.0,1265.0,,,,375.0,12,50.0
2021-03-13,7d2c632a05bbb03ca97555d61be83c41,,,1180.0,,,,210.0,27,46.0
2021-03-14,7d2c632a05bbb03ca97555d61be83c41,,,1165.0,,,,210.0,22,13.0
2021-03-15,7d2c632a05bbb03ca97555d61be83c41,,55.0,1079.0,,,,240.0,27,12.0
2021-03-16,7d2c632a05bbb03ca97555d61be83c41,,1.0,1142.0,,,,232.0,41,80.0
2021-03-17,7d2c632a05bbb03ca97555d61be83c41,1.0,,1070.0,,,,195.0,59,75.0
2021-03-18,7d2c632a05bbb03ca97555d61be83c41,,34.0,1059.0,,75.0,,135.0,93,31.0
2021-03-19,7d2c632a05bbb03ca97555d61be83c41,,,1380.0,,,,338.0,44,1.0
2021-03-20,7d2c632a05bbb03ca97555d61be83c41,,,1327.0,,,,225.0,35,
2021-03-21,7d2c632a05bbb03ca97555d61be83c41,,16.0,1309.0,,,,480.0,27,10.0
2021-03-22,7d2c632a05bbb03ca97555d61be83c41,,,1396.0,,,,540.0,24,
2021-03-23,7d2c632a05bbb03ca97555d61be83c41,,13.0,1296.0,,,,405.0,59,2.0
2021-03-24,7d2c632a05bbb03ca97555d61be83c41,,,1353.0,,,,270.0,44,
2021-03-25,7d2c632a05bbb03ca97555d61be83c41,1.0,,1326.0,,,,495.0,45,22.0
2021-03-26,7d2c632a05bbb03ca97555d61be83c41,,9.0,1306.0,,,,300.0,24,1.0
2021-03-27,7d2c632a05bbb03ca97555d61be83c41,,,1326.0,,,,225.0,45,38.0
2021-03-28,7d2c632a05bbb03ca97555d61be83c41,,,1375.0,,,,510.0,38,
2021-03-29,7d2c632a05bbb03ca97555d61be83c41,,,1319.0,,,,255.0,44,
2021-03-30,7d2c632a05bbb03ca97555d61be83c41,,1.0,1320.0,1409.0,,,285.0,81,27.0
2021-03-31,7d2c632a05bbb03ca97555d61be83c41,,,1396.0,1430.0,,,360.0,20,
2021-04-01,7d2c632a05bbb03ca97555d61be83c41,,,1373.0,1436.0,,,330.0,38,2.0
2021-04-02,7d2c632a05bbb03ca97555d61be83c41,1.0,3.0,1365.0,1407.0,,,510.0,44,20.0
2021-04-03,7d2c632a05bbb03ca97555d61be83c41,,,1366.0,1383.0,,,660.0,24,36.0
2021-04-04,7d2c632a05bbb03ca97555d61be83c41,,,1356.0,,,,555.0,33,1.0
2021-04-05,7d2c632a05bbb03ca97555d61be83c41,,,1413.0,,,,315.0,32,1.0
2021-04-06,7d2c632a05bbb03ca97555d61be83c41,,,1389.0,1438.0,,,285.0,31,
2021-04-07,7d2c632a05bbb03ca97555d61be83c41,,,1409.0,1438.0,,,270.0,24,
2021-04-08,7d2c632a05bbb03ca97555d61be83c41,,,1341.0,,,,315.0,49,
2021-04-09,7d2c632a05bbb03ca97555d61be83c41,,,1417.0,1437.0,,,270.0,32,
2021-04-10,7d2c632a05bbb03ca97555d61be83c41,,,1381.0,1381.0,,,480.0,30,35.0
2021-04-11,7d2c632a05bbb03ca97555d61be83c41,,,1400.0,,,,240.0,17,
2021-04-12,7d2c632a05bbb03ca97555d61be83c41,,,1409.0,,,,285.0,25,
2021-04-13,7d2c632a05bbb03ca97555d61be83c41,,,1382.0,,,,420.0,32,
2021-04-14,7d2c632a05bbb03ca97555d61be83c41,,,1405.0,1426.0,,,450.0,24,
2021-04-15,7d2c632a05bbb03ca97555d61be83c41,,,1384.0,,,,285.0,35,
2021-04-16,7d2c632a05bbb03ca97555d61be83c41,,,1399.0,,,,375.0,28,
2021-04-17,7d2c632a05bbb03ca97555d61be83c41,,,1378.0,1432.0,,,225.0,29,1.0
2021-04-18,7d2c632a05bbb03ca97555d61be83c41,,1.0,1379.0,1440.0,,,315.0,26,
2021-04-19,7d2c632a05bbb03ca97555d61be83c41,1.0,1.0,1347.0,,,,428.0,40,1.0
2021-04-20,7d2c632a05bbb03ca97555d61be83c41,,,1334.0,1437.0,,,135.0,46,
2021-04-21,7d2c632a05bbb03ca97555d61be83c41,,,1389.0,,,,495.0,38,1.0
2021-04-22,7d2c632a05bbb03ca97555d61be83c41,,,1376.0,1430.0,,,270.0,35,1.0
2021-04-23,7d2c632a05bbb03ca97555d61be83c41,,,1367.0,1430.0,,,240.0,28,1.0
2021-04-24,7d2c632a05bbb03ca97555d61be83c41,,,1346.0,1394.0,,,480.0,19,41.0
2021-04-25,7d2c632a05bbb03ca97555d61be83c41,,,1376.0,,,,615.0,24,
2021-04-26,7d2c632a05bbb03ca97555d61be83c41,,,1350.0,1435.0,,,270.0,23,
2021-04-27,7d2c632a05bbb03ca97555d61be83c41,,1.0,1383.0,1420.0,,,540.0,47,8.0
2021-04-28,7d2c632a05bbb03ca97555d61be83c41,,,1257.0,1439.0,,,330.0,37,1.0
2021-04-29,7d2c632a05bbb03ca97555d61be83c41,,,1413.0,1439.0,,,300.0,37,
2021-04-30,7d2c632a05bbb03ca97555d61be83c41,,,1397.0,,,,300.0,24,
2021-05-01,7d2c632a05bbb03ca97555d61be83c41,,1.0,1356.0,1420.0,,,480.0,37,8.0
2021-05-02,7d2c632a05bbb03ca97555d61be83c41,,,1386.0,,,,465.0,28,1.0
2021-05-03,7d2c632a05bbb03ca97555d61be83c41,,,1373.0,1430.0,,,210.0,57,1.0
2021-05-04,7d2c632a05bbb03ca97555d61be83c41,,,1407.0,,,,435.0,28,
2021-05-05,7d2c632a05bbb03ca97555d61be83c41,,,1333.0,1430.0,,,510.0,34,
2021-05-06,7d2c632a05bbb03ca97555d61be83c41,,,1396.0,1439.0,,,705.0,48,
2021-05-07,7d2c632a05bbb03ca97555d61be83c41,,,1417.0,,,,270.0,22,
2021-05-08,7d2c632a05bbb03ca97555d61be83c41,,,1260.0,1381.0,,,315.0,43,41.0
2021-05-09,7d2c632a05bbb03ca97555d61be83c41,,1.0,1392.0,,,,525.0,32,2.0
2021-05-10,7d2c632a05bbb03ca97555d61be83c41,,,1360.0,,,,255.0,26,
2021-05-11,7d2c632a05bbb03ca97555d61be83c41,,,1386.0,,,,315.0,35,
2021-05-12,7d2c632a05bbb03ca97555d61be83c41,,,1385.0,1440.0,,,315.0,19,
2021-05-13,7d2c632a05bbb03ca97555d61be83c41,,,1385.0,1440.0,,,255.0,29,
2021-05-14,7d2c632a05bbb03ca97555d61be83c41,,,1373.0,1434.0,,,315.0,27,1.0
2021-05-15,7d2c632a05bbb03ca97555d61be83c41,,,1292.0,1390.0,,,270.0,26,40.0
2021-05-16,7d2c632a05bbb03ca97555d61be83c41,,1.0,1272.0,,,,255.0,40,1.0
2021-05-17,7d2c632a05bbb03ca97555d61be83c41,,1.0,1368.0,,,,225.0,28,
2021-05-18,7d2c632a05bbb03ca97555d61be83c41,,,1375.0,,,,315.0,21,
2021-05-19,7d2c632a05bbb03ca97555d61be83c41,,,1376.0,1437.0,,,660.0,25,1.0
2021-05-20,7d2c632a05bbb03ca97555d61be83c41,,,1369.0,1440.0,,,390.0,29,2.0
2021-05-21,7d2c632a05bbb03ca97555d61be83c41,,1.0,1339.0,,,,570.0,26,3.0
2021-05-22,7d2c632a05bbb03ca97555d61be83c41,,,1327.0,1434.0,,,270.0,24,
2021-05-23,7d2c632a05bbb03ca97555d61be83c41,,,1344.0,1439.0,,,465.0,43,1.0
2021-05-24,7d2c632a05bbb03ca97555d61be83c41,,,1285.0,1431.0,,,255.0,34,
2021-05-25,7d2c632a05bbb03ca97555d61be83c41,,,1398.0,1424.0,,,480.0,31,
2021-05-26,7d2c632a05bbb03ca97555d61be83c41,,,1234.0,1426.0,,,338.0,43,2.0
2021-05-27,7d2c632a05bbb03ca97555d61be83c41,,,1382.0,1435.0,,,315.0,32,1.0
2021-05-28,7d2c632a05bbb03ca97555d61be83c41,,,1354.0,,,,285.0,33,
2021-05-29,7d2c632a05bbb03ca97555d61be83c41,,,1384.0,1434.0,,,315.0,34,
2021-05-30,7d2c632a05bbb03ca97555d61be83c41,,1.0,1388.0,,,,465.0,23,
2021-05-31,7d2c632a05bbb03ca97555d61be83c41,,,1371.0,,,,435.0,31,
2021-06-01,7d2c632a05bbb03ca97555d61be83c41,,9.0,1265.0,1359.0,,,360.0,30,1.0
2021-06-02,7d2c632a05bbb03ca97555d61be83c41,,,1387.0,,,,360.0,31,
2021-06-03,7d2c632a05bbb03ca97555d61be83c41,,1.0,1403.0,1431.0,,,180.0,33,
2021-06-04,7d2c632a05bbb03ca97555d61be83c41,,,1236.0,,,,300.0,40,1.0
2021-06-05,7d2c632a05bbb03ca97555d61be83c41,,1.0,1379.0,,,,255.0,41,
2021-06-06,7d2c632a05bbb03ca97555d61be83c41,,1.0,1327.0,1436.0,,,255.0,51,1.0
2021-06-07,7d2c632a05bbb03ca97555d61be83c41,1.0,,1282.0,1439.0,,,90.0,41,
2021-06-08,7d2c632a05bbb03ca97555d61be83c41,1.0,12.0,1252.0,1362.0,,,630.0,47,21.0
2021-06-09,7d2c632a05bbb03ca97555d61be83c41,,25.0,1323.0,878.0,,,405.0,46,3.0
2021-06-10,7d2c632a05bbb03ca97555d61be83c41,,,1359.0,,,,540.0,39,
2021-06-11,7d2c632a05bbb03ca97555d61be83c41,,1.0,1313.0,,,,510.0,35,
2021-06-12,7d2c632a05bbb03ca97555d61be83c41,,,1358.0,1436.0,,,420.0,29,
2021-06-13,7d2c632a05bbb03ca97555d61be83c41,,18.0,1271.0,1319.0,,,450.0,28,23.0
2021-06-14,7d2c632a05bbb03ca97555d61be83c41,,,1175.0,,,,210.0,49,
2021-06-15,7d2c632a05bbb03ca97555d61be83c41,,,1373.0,,,,585.0,52,
2021-06-16,7d2c632a05bbb03ca97555d61be83c41,,,1388.0,,,,510.0,20,1.0
2021-06-17,7d2c632a05bbb03ca97555d61be83c41,,,1398.0,,,,255.0,24,
2021-06-18,7d2c632a05bbb03ca97555d61be83c41,,1.0,1334.0,,,,420.0,24,
2021-06-19,7d2c632a05bbb03ca97555d61be83c41,1.0,,1381.0,,,,300.0,41,
2021-06-20,7d2c632a05bbb03ca97555d61be83c41,,,1367.0,,,,570.0,39,
2021-06-21,7d2c632a05bbb03ca97555d61be83c41,,,1402.0,,,,450.0,33,
2021-06-22,7d2c632a05bbb03ca97555d61be83c41,,52.0,1304.0,,,,540.0,64,2.0
2021-06-23,7d2c632a05bbb03ca97555d61be83c41,,,1371.0,,,,555.0,31,1.0
2021-06-24,7d2c632a05bbb03ca97555d61be83c41,,34.0,1308.0,,,,420.0,54,1.0
2021-06-25,7d2c632a05bbb03ca97555d61be83c41,,,1340.0,,,,240.0,137,25.0
2021-06-26,7d2c632a05bbb03ca97555d61be83c41,,1.0,1365.0,,,,510.0,33,17.0
2021-06-27,7d2c632a05bbb03ca97555d61be83c41,,,1277.0,,,,735.0,48,1.0
2021-06-28,7d2c632a05bbb03ca97555d61be83c41,1.0,,1359.0,,,,345.0,24,
2021-06-29,7d2c632a05bbb03ca97555d61be83c41,,3.0,1300.0,,,,540.0,41,1.0
2021-06-30,7d2c632a05bbb03ca97555d61be83c41,,16.0,1334.0,,,,435.0,70,12.0
2021-07-01,7d2c632a05bbb03ca97555d61be83c41,,,1398.0,,,,225.0,84,
2021-07-02,7d2c632a05bbb03ca97555d61be83c41,2.0,54.0,1179.0,,,,300.0,139,27.0
2021-07-03,7d2c632a05bbb03ca97555d61be83c41,1.0,258.0,781.0,420.0,,,270.0,65,43.0
2021-07-04,7d2c632a05bbb03ca97555d61be83c41,1.0,1.0,1226.0,1331.0,,,98.0,39,42.0
2021-07-05,7d2c632a05bbb03ca97555d61be83c41,,,1236.0,747.0,,,540.0,48,64.0
2021-07-06,7d2c632a05bbb03ca97555d61be83c41,2.0,5.0,1297.0,1296.0,,,405.0,108,33.0
2021-07-07,7d2c632a05bbb03ca97555d61be83c41,,28.0,1225.0,420.0,55.0,,435.0,44,46.0
2021-07-08,7d2c632a05bbb03ca97555d61be83c41,,1.0,1257.0,895.0,,,495.0,62,33.0
2021-07-09,7d2c632a05bbb03ca97555d61be83c41,,4.0,1246.0,,,,570.0,23,22.0
2021-07-10,7d2c632a05bbb03ca97555d61be83c41,1.0,1.0,1133.0,690.0,,,450.0,33,40.0
2021-07-11,7d2c632a05bbb03ca97555d61be83c41,,2.0,1228.0,1290.0,,,435.0,41,20.0
2021-07-12,7d2c632a05bbb03ca97555d61be83c41,,1.0,1383.0,1410.0,,,210.0,16,2.0
2021-07-13,7d2c632a05bbb03ca97555d61be83c41,,1.0,1310.0,1429.0,,,135.0,16,
2021-07-14,7d2c632a05bbb03ca97555d61be83c41,,1.0,1205.0,929.0,102.0,,165.0,47,47.0
2021-07-15,7d2c632a05bbb03ca97555d61be83c41,12.0,8.0,1196.0,623.0,214.0,,525.0,50,52.0
2021-07-16,7d2c632a05bbb03ca97555d61be83c41,7.0,,1236.0,775.0,82.0,,330.0,58,28.0
2021-07-17,7d2c632a05bbb03ca97555d61be83c41,2.0,1.0,1183.0,520.0,,,405.0,31,34.0
2021-07-18,7d2c632a05bbb03ca97555d61be83c41,,,1193.0,1011.0,,,405.0,31,65.0
2021-07-19,7d2c632a05bbb03ca97555d61be83c41,,1.0,1227.0,771.0,277.0,41.0,285.0,21,42.0
2021-07-20,7d2c632a05bbb03ca97555d61be83c41,1.0,4.0,1184.0,587.0,177.0,40.0,555.0,54,55.0
2021-07-21,7d2c632a05bbb03ca97555d61be83c41,2.0,,1163.0,868.0,107.0,,315.0,46,39.0
2021-07-22,7d2c632a05bbb03ca97555d61be83c41,3.0,,1231.0,236.0,,,360.0,62,41.0
2021-07-23,7d2c632a05bbb03ca97555d61be83c41,1.0,,1327.0,857.0,,,330.0,33,28.0
2021-07-24,7d2c632a05bbb03ca97555d61be83c41,1.0,,1214.0,667.0,,,330.0,26,48.0
2021-07-25,7d2c632a05bbb03ca97555d61be83c41,,1.0,1265.0,1317.0,,,,20,18.0
2021-07-26,7d2c632a05bbb03ca97555d61be83c41,3.0,2.0,1190.0,1135.0,40.0,,225.0,68,59.0
2021-07-27,7d2c632a05bbb03ca97555d61be83c41,2.0,,1276.0,307.0,116.0,,315.0,29,54.0
2021-07-28,7d2c632a05bbb03ca97555d61be83c41,1.0,,1274.0,215.0,239.0,,840.0,45,43.0
2021-07-29,7d2c632a05bbb03ca97555d61be83c41,2.0,1.0,1240.0,943.0,,,510.0,34,46.0
2021-07-30,7d2c632a05bbb03ca97555d61be83c41,,,1290.0,615.0,72.0,,330.0,33,25.0
2021-07-31,7d2c632a05bbb03ca97555d61be83c41,1.0,,1260.0,778.0,,,210.0,31,33.0
2021-08-01,7d2c632a05bbb03ca97555d61be83c41,,,1254.0,1246.0,,,360.0,16,40.0
2021-08-02,7d2c632a05bbb03ca97555d61be83c41,,1.0,1212.0,915.0,214.0,,285.0,42,50.0
2021-08-03,7d2c632a05bbb03ca97555d61be83c41,,1.0,1279.0,991.0,246.0,,435.0,20,47.0
2021-08-04,7d2c632a05bbb03ca97555d61be83c41,7.0,,1255.0,328.0,131.0,,165.0,48,29.0
2021-08-05,7d2c632a05bbb03ca97555d61be83c41,10.0,11.0,1094.0,646.0,,,180.0,53,84.0
2021-08-06,7d2c632a05bbb03ca97555d61be83c41,21.0,3.0,1125.0,,225.0,,360.0,54,46.0
2021-08-07,7d2c632a05bbb03ca97555d61be83c41,6.0,,1193.0,,,,225.0,50,39.0
2021-08-08,7d2c632a05bbb03ca97555d61be83c41,3.0,1.0,1185.0,,,,225.0,57,47.0
2021-08-09,7d2c632a05bbb03ca97555d61be83c41,5.0,14.0,1182.0,,249.0,,345.0,82,67.0
2021-08-10,7d2c632a05bbb03ca97555d61be83c41,,,1221.0,,212.0,,225.0,103,35.0
2021-08-11,7d2c632a05bbb03ca97555d61be83c41,5.0,,1230.0,,,,120.0,86,36.0
2021-08-12,7d2c632a05bbb03ca97555d61be83c41,5.0,,1232.0,,209.0,,150.0,122,61.0
2021-08-13,7d2c632a05bbb03ca97555d61be83c41,14.0,1.0,1109.0,,80.0,,630.0,112,34.0
2021-08-14,7d2c632a05bbb03ca97555d61be83c41,3.0,,1236.0,,,,210.0,58,13.0
2021-08-15,7d2c632a05bbb03ca97555d61be83c41,3.0,,1077.0,,,,570.0,21,1.0
2021-08-16,7d2c632a05bbb03ca97555d61be83c41,16.0,1.0,1221.0,,271.0,,420.0,57,34.0
2021-08-17,7d2c632a05bbb03ca97555d61be83c41,5.0,14.0,1140.0,,161.0,,270.0,83,62.0
2021-08-18,7d2c632a05bbb03ca97555d61be83c41,9.0,1.0,1273.0,,150.0,,270.0,61,18.0
2021-08-19,7d2c632a05bbb03ca97555d61be83c41,1.0,,1236.0,,241.0,,585.0,107,54.0
2021-08-20,7d2c632a05bbb03ca97555d61be83c41,8.0,,1225.0,,65.0,,390.0,51,56.0
2021-08-21,7d2c632a05bbb03ca97555d61be83c41,11.0,,1221.0,,,,330.0,60,37.0
2021-08-22,7d2c632a05bbb03ca97555d61be83c41,8.0,1.0,1295.0,,,,180.0,32,15.0
2021-08-23,7d2c632a05bbb03ca97555d61be83c41,5.0,,1261.0,,169.0,,135.0,89,55.0
2021-08-24,7d2c632a05bbb03ca97555d61be83c41,,,1208.0,,155.0,41.0,240.0,100,75.0
2021-08-25,7d2c632a05bbb03ca97555d61be83c41,1.0,3.0,1185.0,,166.0,,405.0,42,53.0
2021-08-26,7d2c632a05bbb03ca97555d61be83c41,8.0,1.0,1173.0,,368.0,,600.0,66,43.0
2021-08-27,7d2c632a05bbb03ca97555d61be83c41,5.0,1.0,1223.0,,277.0,,345.0,73,37.0
2021-08-28,7d2c632a05bbb03ca97555d61be83c41,8.0,3.0,1232.0,,,,405.0,24,36.0
2021-08-29,7d2c632a05bbb03ca97555d61be83c41,5.0,,1258.0,,,,450.0,23,16.0
2021-08-30,7d2c632a05bbb03ca97555d61be83c41,19.0,1.0,1208.0,,70.0,,375.0,85,30.0
2021-08-31,7d2c632a05bbb03ca97555d61be83c41,10.0,,1198.0,,280.0,,435.0,55,44.0
2021-09-01,7d2c632a05bbb03ca97555d61be83c41,4.0,2.0,1246.0,,248.0,,150.0,60,51.0
2021-09-02,7d2c632a05bbb03ca97555d61be83c41,18.0,1.0,1306.0,,323.0,,285.0,75,21.0
2021-09-03,7d2c632a05bbb03ca97555d61be83c41,11.0,,1320.0,,,,405.0,64,16.0
2021-09-04,7d2c632a05bbb03ca97555d61be83c41,13.0,,1257.0,,170.0,,480.0,45,16.0
2021-09-05,7d2c632a05bbb03ca97555d61be83c41,8.0,,1043.0,,30.0,,420.0,30,119.0
2021-09-06,7d2c632a05bbb03ca97555d61be83c41,4.0,,1274.0,,,,525.0,23,42.0
2021-09-07,7d2c632a05bbb03ca97555d61be83c41,9.0,28.0,1141.0,,85.0,,345.0,38,70.0
2021-09-08,7d2c632a05bbb03ca97555d61be83c41,5.0,,1298.0,,,,435.0,53,27.0
2021-09-09,7d2c632a05bbb03ca97555d61be83c41,6.0,45.0,1132.0,,,,315.0,39,38.0
2021-09-10,7d2c632a05bbb03ca97555d61be83c41,4.0,2.0,1210.0,,68.0,,300.0,54,30.0
2021-09-11,7d2c632a05bbb03ca97555d61be83c41,9.0,,1227.0,,55.0,,420.0,37,16.0
2021-09-12,7d2c632a05bbb03ca97555d61be83c41,4.0,,1328.0,,,,570.0,29,21.0
2021-09-13,7d2c632a05bbb03ca97555d61be83c41,6.0,1.0,1233.0,976.0,30.0,,120.0,51,52.0
2021-09-14,7d2c632a05bbb03ca97555d61be83c41,14.0,1.0,1180.0,31.0,169.0,,315.0,84,38.0
2021-09-15,7d2c632a05bbb03ca97555d61be83c41,4.0,,1265.0,1089.0,170.0,,165.0,43,28.0
2021-09-16,7d2c632a05bbb03ca97555d61be83c41,4.0,,1350.0,346.0,,,75.0,72,14.0
2021-09-17,7d2c632a05bbb03ca97555d61be83c41,11.0,1.0,1201.0,1109.0,,,120.0,63,56.0
2021-09-18,7d2c632a05bbb03ca97555d61be83c41,16.0,1.0,1219.0,701.0,70.0,,390.0,42,29.0
2021-09-19,7d2c632a05bbb03ca97555d61be83c41,7.0,,1245.0,626.0,80.0,,450.0,34,28.0
2021-09-20,7d2c632a05bbb03ca97555d61be83c41,9.0,5.0,1229.0,834.0,166.0,,345.0,51,46.0
2021-09-21,7d2c632a05bbb03ca97555d61be83c41,11.0,,1184.0,695.0,190.0,155.0,195.0,68,52.0
2021-09-22,7d2c632a05bbb03ca97555d61be83c41,10.0,1.0,1217.0,959.0,384.0,,450.0,44,36.0
2021-09-23,7d2c632a05bbb03ca97555d61be83c41,13.0,1.0,1202.0,895.0,215.0,,120.0,61,31.0
2021-09-24,7d2c632a05bbb03ca97555d61be83c41,2.0,5.0,1208.0,813.0,,,480.0,25,27.0
2021-09-25,7d2c632a05bbb03ca97555d61be83c41,8.0,7.0,1288.0,710.0,,115.0,390.0,57,22.0
2021-09-26,7d2c632a05bbb03ca97555d61be83c41,2.0,,1131.0,280.0,254.0,,195.0,31,79.0
2021-09-27,7d2c632a05bbb03ca97555d61be83c41,21.0,,1010.0,856.0,300.0,,195.0,39,56.0
2021-09-28,7d2c632a05bbb03ca97555d61be83c41,3.0,1.0,1149.0,543.0,133.0,,120.0,45,63.0
2021-09-29,7d2c632a05bbb03ca97555d61be83c41,11.0,,1271.0,584.0,735.0,,270.0,55,18.0
2021-09-30,7d2c632a05bbb03ca97555d61be83c41,8.0,,1182.0,753.0,164.0,105.0,120.0,32,47.0
2021-10-01,7d2c632a05bbb03ca97555d61be83c41,3.0,,1331.0,299.0,,,240.0,51,28.0
2021-10-02,7d2c632a05bbb03ca97555d61be83c41,4.0,,1362.0,779.0,,,675.0,32,23.0
2021-10-03,7d2c632a05bbb03ca97555d61be83c41,6.0,2.0,1308.0,1091.0,,,375.0,18,14.0
2021-10-04,7d2c632a05bbb03ca97555d61be83c41,10.0,,1253.0,1024.0,,,285.0,22,36.0
2021-10-05,7d2c632a05bbb03ca97555d61be83c41,13.0,,1279.0,769.0,82.0,,240.0,46,40.0
2021-10-06,7d2c632a05bbb03ca97555d61be83c41,6.0,,1281.0,910.0,377.0,,150.0,45,28.0
2021-10-07,7d2c632a05bbb03ca97555d61be83c41,2.0,1.0,1218.0,333.0,954.0,,270.0,60,67.0
2021-10-08,7d2c632a05bbb03ca97555d61be83c41,15.0,,1267.0,610.0,160.0,,180.0,65,33.0
2021-10-09,7d2c632a05bbb03ca97555d61be83c41,16.0,,1186.0,854.0,65.0,,600.0,48,24.0
2021-10-10,7d2c632a05bbb03ca97555d61be83c41,2.0,,1324.0,540.0,430.0,,480.0,18,15.0
2021-10-11,7d2c632a05bbb03ca97555d61be83c41,8.0,,1336.0,1058.0,143.0,,225.0,22,14.0
2021-10-12,7d2c632a05bbb03ca97555d61be83c41,4.0,1.0,1286.0,949.0,197.0,,210.0,40,34.0
2021-10-13,7d2c632a05bbb03ca97555d61be83c41,19.0,,1316.0,1132.0,102.0,,360.0,29,19.0
2021-10-14,7d2c632a05bbb03ca97555d61be83c41,10.0,,1300.0,896.0,70.0,,135.0,34,36.0
2021-10-15,7d2c632a05bbb03ca97555d61be83c41,2.0,,1341.0,846.0,,,180.0,37,15.0
2021-10-16,7d2c632a05bbb03ca97555d61be83c41,,,1369.0,700.0,40.0,,600.0,22,18.0
2021-10-17,7d2c632a05bbb03ca97555d61be83c41,3.0,,1317.0,1009.0,,,450.0,20,22.0
2021-10-18,7d2c632a05bbb03ca97555d61be83c41,14.0,,1313.0,1181.0,115.0,,120.0,22,31.0
2021-10-19,7d2c632a05bbb03ca97555d61be83c41,12.0,16.0,1261.0,353.0,,,225.0,66,37.0
2021-10-20,7d2c632a05bbb03ca97555d61be83c41,16.0,3.0,1199.0,780.0,200.0,,705.0,46,37.0
2021-10-21,7d2c632a05bbb03ca97555d61be83c41,12.0,1.0,1257.0,811.0,252.0,,150.0,54,26.0
2021-10-22,7d2c632a05bbb03ca97555d61be83c41,20.0,,1255.0,802.0,,,120.0,32,27.0
2021-10-23,7d2c632a05bbb03ca97555d61be83c41,4.0,,1346.0,822.0,,,398.0,25,14.0
2021-10-24,7d2c632a05bbb03ca97555d61be83c41,3.0,2.0,1256.0,692.0,,,165.0,34,38.0
2021-10-25,7d2c632a05bbb03ca97555d61be83c41,2.0,1.0,1238.0,1173.0,70.0,,150.0,27,17.0
2021-10-26,7d2c632a05bbb03ca97555d61be83c41,,,1283.0,594.0,,,180.0,26,59.0
2021-10-27,7d2c632a05bbb03ca97555d61be83c41,2.0,1.0,1284.0,1007.0,75.0,,180.0,56,17.0
2021-10-28,7d2c632a05bbb03ca97555d61be83c41,9.0,,1319.0,642.0,157.0,,128.0,50,30.0
2021-10-29,7d2c632a05bbb03ca97555d61be83c41,1.0,1.0,1282.0,860.0,195.0,,315.0,55,20.0
2021-10-30,7d2c632a05bbb03ca97555d61be83c41,1.0,,1321.0,420.0,845.0,,270.0,35,21.0
2021-10-31,7d2c632a05bbb03ca97555d61be83c41,,1.0,1194.0,731.0,251.0,,345.0,22,16.0
2021-11-01,7d2c632a05bbb03ca97555d61be83c41,,,1300.0,1095.0,142.0,,180.0,39,36.0
2021-11-02,7d2c632a05bbb03ca97555d61be83c41,2.0,1.0,1268.0,364.0,670.0,,210.0,46,35.0
2021-11-03,7d2c632a05bbb03ca97555d61be83c41,1.0,,1339.0,964.0,111.0,,105.0,34,18.0
2021-11-04,7d2c632a05bbb03ca97555d61be83c41,,,1269.0,911.0,,,525.0,21,24.0
2021-11-05,7d2c632a05bbb03ca97555d61be83c41,,,1285.0,845.0,,,135.0,40,44.0
2021-11-06,7d2c632a05bbb03ca97555d61be83c41,,,1342.0,738.0,,,210.0,37,15.0
2021-11-07,7d2c632a05bbb03ca97555d61be83c41,1.0,1.0,1271.0,,457.0,,60.0,50,46.0
2021-11-08,7d2c632a05bbb03ca97555d61be83c41,2.0,,1276.0,585.0,342.0,,180.0,33,43.0
2021-11-09,7d2c632a05bbb03ca97555d61be83c41,3.0,1.0,1249.0,557.0,55.0,,660.0,27,56.0
2021-11-10,7d2c632a05bbb03ca97555d61be83c41,,,1339.0,1086.0,,,240.0,23,17.0
2021-11-11,7d2c632a05bbb03ca97555d61be83c41,2.0,,1306.0,1212.0,,,420.0,51,37.0
2021-11-12,7d2c632a05bbb03ca97555d61be83c41,,,1135.0,,,,195.0,38,44.0
2021-11-13,7d2c632a05bbb03ca97555d61be83c41,1.0,,1157.0,701.0,,,510.0,18,23.0
2021-11-14,7d2c632a05bbb03ca97555d61be83c41,,,1260.0,779.0,,,345.0,18,24.0
2021-11-15,7d2c632a05bbb03ca97555d61be83c41,,,1184.0,1430.0,,,135.0,32,24.0
2021-11-16,7d2c632a05bbb03ca97555d61be83c41,,,1167.0,1165.0,,,165.0,24,27.0
2021-11-17,7d2c632a05bbb03ca97555d61be83c41,1.0,,1245.0,1029.0,,,330.0,20,32.0
2021-11-18,7d2c632a05bbb03ca97555d61be83c41,,,1147.0,844.0,,,300.0,22,122.0
2021-11-19,7d2c632a05bbb03ca97555d61be83c41,,,1265.0,923.0,455.0,,142.0,21,24.0
2021-11-20,7d2c632a05bbb03ca97555d61be83c41,,,1253.0,1390.0,,,180.0,22,7.0
2021-11-21,7d2c632a05bbb03ca97555d61be83c41,,1.0,1086.0,620.0,,,90.0,42,39.0
2021-11-22,7d2c632a05bbb03ca97555d61be83c41,,,1233.0,1077.0,,,240.0,46,47.0
2021-11-23,7d2c632a05bbb03ca97555d61be83c41,7.0,,961.0,436.0,,,240.0,44,51.0
2021-11-24,7d2c632a05bbb03ca97555d61be83c41,,,1082.0,408.0,95.0,,180.0,33,127.0
2021-11-25,7d2c632a05bbb03ca97555d61be83c41,,,1380.0,1450.0,,,90.0,19,2.0
2021-11-26,7d2c632a05bbb03ca97555d61be83c41,,,1327.0,1429.0,,,60.0,28,7.0
2021-11-27,7d2c632a05bbb03ca97555d61be83c41,,,1250.0,715.0,,,390.0,31,7.0
2021-11-28,7d2c632a05bbb03ca97555d61be83c41,,,1370.0,1338.0,,,225.0,14,35.0
2021-11-29,7d2c632a05bbb03ca97555d61be83c41,,,1348.0,,,,180.0,34,
2021-11-30,7d2c632a05bbb03ca97555d61be83c41,,,1309.0,1440.0,,,180.0,47,4.0
2021-12-01,7d2c632a05bbb03ca97555d61be83c41,,,1121.0,1299.0,,,375.0,25,32.0
2021-12-02,7d2c632a05bbb03ca97555d61be83c41,,,1160.0,102.0,,,180.0,29,19.0
2021-12-03,7d2c632a05bbb03ca97555d61be83c41,1.0,2.0,1030.0,781.0,,,120.0,47,112.0
2021-12-04,7d2c632a05bbb03ca97555d61be83c41,1.0,,1389.0,946.0,,,690.0,34,16.0
2021-12-05,7d2c632a05bbb03ca97555d61be83c41,,,1337.0,1117.0,,,135.0,15,12.0
2021-12-06,7d2c632a05bbb03ca97555d61be83c41,,,1326.0,1393.0,,,390.0,16,12.0
2021-12-07,7d2c632a05bbb03ca97555d61be83c41,,,1259.0,1375.0,,,180.0,24,13.0
2021-12-08,7d2c632a05bbb03ca97555d61be83c41,,,1346.0,830.0,,,270.0,16,31.0
2021-12-09,7d2c632a05bbb03ca97555d61be83c41,1.0,,1293.0,1131.0,,,510.0,17,30.0
2021-12-10,7d2c632a05bbb03ca97555d61be83c41,,1.0,1185.0,714.0,,,255.0,14,20.0
2021-12-11,7d2c632a05bbb03ca97555d61be83c41,,,1308.0,510.0,,,210.0,28,8.0
2021-12-12,7d2c632a05bbb03ca97555d61be83c41,,,1347.0,1302.0,,,405.0,23,30.0
2021-12-13,7d2c632a05bbb03ca97555d61be83c41,,,1296.0,1320.0,,,540.0,17,30.0
2021-12-14,7d2c632a05bbb03ca97555d61be83c41,,,1243.0,1376.0,,,450.0,23,52.0
2021-12-15,7d2c632a05bbb03ca97555d61be83c41,,,1238.0,850.0,,,105.0,26,30.0
2021-12-16,7d2c632a05bbb03ca97555d61be83c41,,,1312.0,1367.0,,,660.0,11,16.0
2021-12-17,7d2c632a05bbb03ca97555d61be83c41,,,1202.0,718.0,,,210.0,25,36.0
2021-12-18,7d2c632a05bbb03ca97555d61be83c41,,,1257.0,715.0,,,240.0,22,27.0
2021-12-19,7d2c632a05bbb03ca97555d61be83c41,,,1215.0,578.0,,,285.0,14,46.0
2021-12-20,7d2c632a05bbb03ca97555d61be83c41,1.0,,1285.0,1106.0,,,180.0,12,38.0
2021-12-21,7d2c632a05bbb03ca97555d61be83c41,,1.0,1379.0,,,,270.0,17,6.0
2021-12-22,7d2c632a05bbb03ca97555d61be83c41,,,1217.0,1428.0,,,75.0,14,4.0
2021-12-23,7d2c632a05bbb03ca97555d61be83c41,2.0,,1229.0,1350.0,,,210.0,34,23.0
2021-12-24,7d2c632a05bbb03ca97555d61be83c41,,,1327.0,,,,255.0,10,2.0
2021-12-25,7d2c632a05bbb03ca97555d61be83c41,,,1340.0,1442.0,,,165.0,12,3.0
2021-12-26,7d2c632a05bbb03ca97555d61be83c41,,,1342.0,1409.0,,,142.0,10,28.0
2021-12-27,7d2c632a05bbb03ca97555d61be83c41,,,1289.0,1344.0,,,540.0,12,28.0
2021-12-28,7d2c632a05bbb03ca97555d61be83c41,,,1341.0,1438.0,,,150.0,12,2.0
2021-12-29,7d2c632a05bbb03ca97555d61be83c41,,,1397.0,1412.0,,,75.0,13,21.0
2021-12-30,7d2c632a05bbb03ca97555d61be83c41,1.0,,1239.0,1361.0,,,450.0,18,22.0
2021-12-31,7d2c632a05bbb03ca97555d61be83c41,,,1217.0,1425.0,,,405.0,8,
2022-01-01,7d2c632a05bbb03ca97555d61be83c41,1.0,,1328.0,1425.0,,,615.0,8,29.0
2022-01-02,7d2c632a05bbb03ca97555d61be83c41,1.0,,1269.0,1390.0,,,555.0,10,38.0
2022-01-03,7d2c632a05bbb03ca97555d61be83c41,1.0,,1292.0,1344.0,,,450.0,19,38.0
2022-01-04,7d2c632a05bbb03ca97555d61be83c41,,,1226.0,463.0,150.0,,375.0,31,25.0
2022-01-05,7d2c632a05bbb03ca97555d61be83c41,,,1278.0,481.0,102.0,,285.0,32,86.0
2022-01-06,7d2c632a05bbb03ca97555d61be83c41,2.0,6.0,1178.0,1022.0,155.0,,300.0,59,23.0
2022-01-07,7d2c632a05bbb03ca97555d61be83c41,,,1346.0,1357.0,,,150.0,52,1.0
2022-01-08,7d2c632a05bbb03ca97555d61be83c41,,,1141.0,673.0,,,90.0,26,71.0
2022-01-09,7d2c632a05bbb03ca97555d61be83c41,,,1309.0,842.0,,,390.0,20,23.0
2022-01-10,7d2c632a05bbb03ca97555d61be83c41,,,1185.0,748.0,,,180.0,34,40.0
2022-01-11,7d2c632a05bbb03ca97555d61be83c41,1.0,,924.0,547.0,190.0,,150.0,23,138.0
2022-01-12,7d2c632a05bbb03ca97555d61be83c41,1.0,,1106.0,792.0,85.0,,210.0,44,33.0
2022-01-13,7d2c632a05bbb03ca97555d61be83c41,1.0,,1093.0,760.0,226.0,,150.0,28,59.0
2022-01-14,7d2c632a05bbb03ca97555d61be83c41,,,1134.0,782.0,170.0,,420.0,39,40.0
2022-01-15,7d2c632a05bbb03ca97555d61be83c41,,,1252.0,1022.0,,,120.0,21,27.0
2022-01-16,7d2c632a05bbb03ca97555d61be83c41,,,1199.0,999.0,,,120.0,21,70.0
2022-01-17,7d2c632a05bbb03ca97555d61be83c41,,,1042.0,838.0,,,360.0,21,25.0
2022-01-18,7d2c632a05bbb03ca97555d61be83c41,,,1341.0,381.0,,,360.0,12,13.0
2022-01-19,7d2c632a05bbb03ca97555d61be83c41,,,1211.0,,,,165.0,24,
2022-01-20,7d2c632a05bbb03ca97555d61be83c41,,,1355.0,1416.0,,,645.0,13,9.0
2022-01-21,7d2c632a05bbb03ca97555d61be83c41,,,1170.0,1430.0,,,150.0,42,4.0
2022-01-22,7d2c632a05bbb03ca97555d61be83c41,,,1149.0,999.0,,,750.0,26,17.0
2022-01-23,7d2c632a05bbb03ca97555d61be83c41,,,1291.0,955.0,,,720.0,8,24.0
2022-01-24,7d2c632a05bbb03ca97555d61be83c41,,,1218.0,1130.0,,,315.0,12,9.0
2022-01-25,7d2c632a05bbb03ca97555d61be83c41,,,1324.0,,,,345.0,14,11.0
2022-01-26,7d2c632a05bbb03ca97555d61be83c41,,,1327.0,995.0,,,540.0,25,10.0
2022-01-27,7d2c632a05bbb03ca97555d61be83c41,,,1305.0,1334.0,,,720.0,15,10.0
2022-01-28,7d2c632a05bbb03ca97555d61be83c41,,,1197.0,1440.0,,,285.0,24,
2022-01-29,7d2c632a05bbb03ca97555d61be83c41,,,1262.0,1425.0,,,435.0,24,
2022-01-30,7d2c632a05bbb03ca97555d61be83c41,,,1295.0,1441.0,,,210.0,13,
2022-01-31,7d2c632a05bbb03ca97555d61be83c41,,1.0,1204.0,445.0,213.0,,390.0,45,52.0
2022-02-01,7d2c632a05bbb03ca97555d61be83c41,,2.0,1040.0,374.0,213.0,,210.0,41,59.0
2022-02-02,7d2c632a05bbb03ca97555d61be83c41,,,1051.0,465.0,279.0,,300.0,34,82.0
2022-02-03,7d2c632a05bbb03ca97555d61be83c41,,,1380.0,1135.0,,,300.0,10,6.0
2022-02-04,7d2c632a05bbb03ca97555d61be83c41,,,1117.0,644.0,296.0,,270.0,65,15.0
2022-02-05,7d2c632a05bbb03ca97555d61be83c41,,,1175.0,1025.0,100.0,,330.0,39,36.0
2022-02-06,7d2c632a05bbb03ca97555d61be83c41,14.0,,1135.0,600.0,,,450.0,8,42.0
2022-02-07,7d2c632a05bbb03ca97555d61be83c41,,,1104.0,675.0,191.0,,435.0,43,72.0
2022-02-08,7d2c632a05bbb03ca97555d61be83c41,,,1286.0,287.0,343.0,,105.0,27,52.0
2022-02-09,7d2c632a05bbb03ca97555d61be83c41,,,1232.0,428.0,249.0,,210.0,38,48.0
2022-02-10,7d2c632a05bbb03ca97555d61be83c41,8.0,,860.0,470.0,,,278.0,26,92.0
2022-02-11,7d2c632a05bbb03ca97555d61be83c41,2.0,24.0,1028.0,471.0,125.0,,240.0,34,75.0
2022-02-12,7d2c632a05bbb03ca97555d61be83c41,1.0,,1091.0,666.0,330.0,,150.0,27,81.0
2022-02-13,7d2c632a05bbb03ca97555d61be83c41,,,1213.0,935.0,,,240.0,28,41.0
2022-02-14,7d2c632a05bbb03ca97555d61be83c41,,,1034.0,940.0,224.0,,360.0,28,41.0
2022-02-15,7d2c632a05bbb03ca97555d61be83c41,,,1112.0,246.0,400.0,,570.0,29,50.0
2022-02-16,7d2c632a05bbb03ca97555d61be83c41,,,1217.0,962.0,235.0,,270.0,34,61.0
2022-02-17,7d2c632a05bbb03ca97555d61be83c41,,,910.0,556.0,710.0,,105.0,83,143.0
2022-02-18,7d2c632a05bbb03ca97555d61be83c41,,,1022.0,648.0,344.0,,525.0,31,59.0
2022-02-19,7d2c632a05bbb03ca97555d61be83c41,,1.0,1109.0,910.0,,,435.0,11,97.0
2022-02-20,7d2c632a05bbb03ca97555d61be83c41,,,1146.0,849.0,,,405.0,20,21.0
2022-02-21,7d2c632a05bbb03ca97555d61be83c41,,,1219.0,1298.0,,,210.0,9,15.0
2022-02-22,7d2c632a05bbb03ca97555d61be83c41,,,1230.0,905.0,,,750.0,34,36.0
2022-02-23,7d2c632a05bbb03ca97555d61be83c41,,,1278.0,678.0,344.0,,375.0,30,35.0
2022-02-24,7d2c632a05bbb03ca97555d61be83c41,1.0,,1088.0,800.0,473.0,,262.0,37,140.0
2022-02-25,7d2c632a05bbb03ca97555d61be83c41,,6.0,1265.0,637.0,290.0,,570.0,49,46.0
2022-02-26,7d2c632a05bbb03ca97555d61be83c41,,1.0,1274.0,600.0,349.0,,435.0,29,16.0
2022-02-27,7d2c632a05bbb03ca97555d61be83c41,,,1306.0,835.0,,,690.0,16,25.0
2022-02-28,7d2c632a05bbb03ca97555d61be83c41,,,1310.0,1355.0,,,120.0,36,26.0
2022-03-01,7d2c632a05bbb03ca97555d61be83c41,,,1119.0,1128.0,217.0,,570.0,30,37.0
2022-03-02,7d2c632a05bbb03ca97555d61be83c41,,1.0,1039.0,1016.0,,,315.0,59,53.0
2022-03-03,7d2c632a05bbb03ca97555d61be83c41,,,1239.0,535.0,220.0,,705.0,16,46.0
2022-03-04,7d2c632a05bbb03ca97555d61be83c41,,,1312.0,832.0,85.0,,750.0,24,39.0
2022-03-05,7d2c632a05bbb03ca97555d61be83c41,,,1210.0,697.0,275.0,,510.0,24,42.0
2022-03-06,7d2c632a05bbb03ca97555d61be83c41,1.0,,1276.0,864.0,,,540.0,14,26.0
2022-03-07,7d2c632a05bbb03ca97555d61be83c41,,,1094.0,673.0,,,300.0,33,25.0
2022-03-08,7d2c632a05bbb03ca97555d61be83c41,,,1198.0,954.0,465.0,,180.0,24,55.0
2022-03-09,7d2c632a05bbb03ca97555d61be83c41,,,1112.0,504.0,225.0,,210.0,49,22.0
2022-03-10,7d2c632a05bbb03ca97555d61be83c41,,,1149.0,937.0,225.0,,300.0,31,40.0
2022-03-11,7d2c632a05bbb03ca97555d61be83c41,,,1124.0,1128.0,,,240.0,34,11.0
2022-03-12,7d2c632a05bbb03ca97555d61be83c41,,,1350.0,666.0,,,510.0,22,36.0
2022-03-13,7d2c632a05bbb03ca97555d61be83c41,,,1284.0,660.0,,,450.0,21,30.0
2022-03-14,7d2c632a05bbb03ca97555d61be83c41,,,1121.0,641.0,,,555.0,37,106.0
2022-03-15,7d2c632a05bbb03ca97555d61be83c41,,,1142.0,835.0,,,270.0,31,47.0
2022-03-16,7d2c632a05bbb03ca97555d61be83c41,,,1112.0,787.0,,,315.0,24,41.0
2022-03-17,7d2c632a05bbb03ca97555d61be83c41,,,1217.0,937.0,,,150.0,21,58.0
2022-03-18,7d2c632a05bbb03ca97555d61be83c41,1.0,,1058.0,764.0,,,735.0,43,43.0
2022-03-19,7d2c632a05bbb03ca97555d61be83c41,7.0,,1238.0,1357.0,,,510.0,18,41.0
2022-03-20,7d2c632a05bbb03ca97555d61be83c41,4.0,,1361.0,1340.0,,,450.0,12,7.0
2022-03-21,7d2c632a05bbb03ca97555d61be83c41,,,1227.0,832.0,,,255.0,38,28.0
2022-03-22,7d2c632a05bbb03ca97555d61be83c41,,,1369.0,724.0,,,840.0,42,30.0
2022-03-23,7d2c632a05bbb03ca97555d61be83c41,,,1247.0,619.0,,,120.0,42,35.0
2022-03-24,7d2c632a05bbb03ca97555d61be83c41,,,1172.0,942.0,,,165.0,51,18.0
2022-03-25,7d2c632a05bbb03ca97555d61be83c41,,1.0,1266.0,952.0,,,375.0,36,24.0
2022-03-26,7d2c632a05bbb03ca97555d61be83c41,,,1342.0,1016.0,,,660.0,10,32.0
2022-03-27,7d2c632a05bbb03ca97555d61be83c41,,,1405.0,1366.0,,,165.0,10,20.0
2022-03-28,7d2c632a05bbb03ca97555d61be83c41,5.0,,1347.0,895.0,130.0,,180.0,46,21.0
2022-03-29,7d2c632a05bbb03ca97555d61be83c41,1.0,,888.0,430.0,218.0,,210.0,35,39.0
2022-03-30,7d2c632a05bbb03ca97555d61be83c41,3.0,,879.0,625.0,352.0,,210.0,54,86.0
2022-03-31,7d2c632a05bbb03ca97555d61be83c41,,,1259.0,602.0,301.0,,240.0,41,20.0
2022-04-01,7d2c632a05bbb03ca97555d61be83c41,,,1003.0,600.0,355.0,,180.0,53,95.0
2022-04-02,7d2c632a05bbb03ca97555d61be83c41,1.0,,1052.0,409.0,,,330.0,57,18.0
2022-04-03,7d2c632a05bbb03ca97555d61be83c41,,,1287.0,1295.0,,,795.0,25,16.0
2022-04-04,7d2c632a05bbb03ca97555d61be83c41,,,1165.0,595.0,315.0,,300.0,43,20.0
2022-04-05,7d2c632a05bbb03ca97555d61be83c41,,,914.0,575.0,296.0,,435.0,41,46.0
2022-04-06,7d2c632a05bbb03ca97555d61be83c41,1.0,1.0,776.0,325.0,425.0,,480.0,45,213.0
2022-04-07,7d2c632a05bbb03ca97555d61be83c41,,,1194.0,504.0,130.0,,270.0,28,36.0
2022-04-08,7d2c632a05bbb03ca97555d61be83c41,1.0,,1194.0,649.0,,,285.0,41,25.0
2022-04-09,7d2c632a05bbb03ca97555d61be83c41,,,1136.0,1052.0,211.0,,495.0,22,54.0
2022-04-10,7d2c632a05bbb03ca97555d61be83c41,,,1278.0,418.0,,,210.0,20,34.0
2022-04-11,7d2c632a05bbb03ca97555d61be83c41,,,1107.0,697.0,449.0,,345.0,18,11.0
2022-04-12,7d2c632a05bbb03ca97555d61be83c41,1.0,,1165.0,,318.0,,480.0,33,35.0
2022-04-13,7d2c632a05bbb03ca97555d61be83c41,,,1213.0,250.0,,,705.0,25,29.0
2022-04-14,7d2c632a05bbb03ca97555d61be83c41,3.0,,1199.0,512.0,174.0,,270.0,18,99.0
2022-04-15,7d2c632a05bbb03ca97555d61be83c41,1.0,,1284.0,1068.0,,,150.0,43,39.0
2022-04-16,7d2c632a05bbb03ca97555d61be83c41,,,1175.0,955.0,,,390.0,10,44.0
2022-04-17,7d2c632a05bbb03ca97555d61be83c41,2.0,,1351.0,1380.0,,,240.0,14,28.0
2022-04-18,7d2c632a05bbb03ca97555d61be83c41,,,1124.0,535.0,657.0,,330.0,33,42.0
2022-04-19,7d2c632a05bbb03ca97555d61be83c41,,,1245.0,,235.0,,960.0,24,22.0
2022-04-20,7d2c632a05bbb03ca97555d61be83c41,,,993.0,960.0,,,240.0,35,63.0
2022-04-21,7d2c632a05bbb03ca97555d61be83c41,,,1083.0,640.0,170.0,,150.0,57,88.0
2022-04-22,7d2c632a05bbb03ca97555d61be83c41,,38.0,1010.0,1088.0,,,510.0,33,50.0
2022-04-23,7d2c632a05bbb03ca97555d61be83c41,10.0,,1084.0,912.0,498.0,,502.0,35,47.0
2022-04-24,7d2c632a05bbb03ca97555d61be83c41,,,1269.0,,,,690.0,11,
2022-04-25,7d2c632a05bbb03ca97555d61be83c41,26.0,,1104.0,1009.0,,,232.0,18,2.0
2022-04-26,7d2c632a05bbb03ca97555d61be83c41,1.0,,1127.0,585.0,375.0,,300.0,19,22.0
2022-04-27,7d2c632a05bbb03ca97555d61be83c41,,6.0,1252.0,513.0,,,390.0,26,44.0
2022-04-28,7d2c632a05bbb03ca97555d61be83c41,,,1357.0,1336.0,,,135.0,15,24.0
2022-04-29,7d2c632a05bbb03ca97555d61be83c41,,,1338.0,1374.0,,,810.0,7,20.0
2022-04-30,7d2c632a05bbb03ca97555d61be83c41,2.0,,1117.0,1083.0,342.0,,195.0,19,32.0
2022-05-01,7d2c632a05bbb03ca97555d61be83c41,,3.0,1150.0,902.0,,,630.0,8,55.0
2022-05-02,7d2c632a05bbb03ca97555d61be83c41,,,1277.0,712.0,,,390.0,20,5.0
2022-05-03,7d2c632a05bbb03ca97555d61be83c41,,,1092.0,448.0,215.0,,60.0,61,34.0
2022-05-04,7d2c632a05bbb03ca97555d61be83c41,,,1209.0,595.0,160.0,,360.0,31,66.0
2022-05-05,7d2c632a05bbb03ca97555d61be83c41,3.0,1.0,1112.0,717.0,377.0,,360.0,32,69.0
2022-05-06,7d2c632a05bbb03ca97555d61be83c41,,,1020.0,936.0,288.0,,360.0,30,78.0
2022-05-07,7d2c632a05bbb03ca97555d61be83c41,3.0,,1317.0,718.0,,,825.0,10,13.0
2022-05-08,7d2c632a05bbb03ca97555d61be83c41,,,1321.0,974.0,,,570.0,9,16.0
2022-05-09,7d2c632a05bbb03ca97555d61be83c41,,,1218.0,815.0,301.0,,495.0,12,34.0
2022-05-10,7d2c632a05bbb03ca97555d61be83c41,,,1128.0,715.0,130.0,,795.0,30,24.0
2022-05-11,7d2c632a05bbb03ca97555d61be83c41,,,998.0,825.0,209.0,,225.0,48,9.0
2022-05-12,7d2c632a05bbb03ca97555d61be83c41,3.0,,1164.0,853.0,,,338.0,16,27.0
2022-05-13,7d2c632a05bbb03ca97555d61be83c41,2.0,,1223.0,552.0,,,270.0,26,12.0
2022-05-14,7d2c632a05bbb03ca97555d61be83c41,,,1418.0,1030.0,,,975.0,9,1.0
2022-05-15,7d2c632a05bbb03ca97555d61be83c41,,,1154.0,106.0,,,735.0,14,
2022-05-16,7d2c632a05bbb03ca97555d61be83c41,,,928.0,1013.0,,,300.0,33,109.0
2022-05-17,7d2c632a05bbb03ca97555d61be83c41,,,986.0,817.0,,,210.0,31,114.0
2022-05-18,7d2c632a05bbb03ca97555d61be83c41,2.0,,1215.0,1048.0,,,240.0,20,82.0
2022-05-19,7d2c632a05bbb03ca97555d61be83c41,,,1062.0,715.0,100.0,,255.0,31,35.0
2022-05-20,7d2c632a05bbb03ca97555d61be83c41,,,1339.0,376.0,,,510.0,7,14.0
2022-05-21,7d2c632a05bbb03ca97555d61be83c41,,1.0,979.0,640.0,,,435.0,33,32.0
2022-05-22,7d2c632a05bbb03ca97555d61be83c41,,,1314.0,905.0,,,465.0,14,28.0
2022-05-23,7d2c632a05bbb03ca97555d61be83c41,,,1124.0,725.0,100.0,,690.0,20,11.0
2022-05-24,7d2c632a05bbb03ca97555d61be83c41,3.0,,1240.0,386.0,641.0,,420.0,34,51.0
2022-05-25,7d2c632a05bbb03ca97555d61be83c41,,,1133.0,505.0,635.0,,450.0,16,80.0
2022-05-26,7d2c632a05bbb03ca97555d61be83c41,,1.0,1165.0,815.0,375.0,,420.0,16,67.0
2022-05-27,7d2c632a05bbb03ca97555d61be83c41,,,1145.0,1085.0,235.0,,180.0,11,31.0
2022-05-28,7d2c632a05bbb03ca97555d61be83c41,,,1275.0,,,,150.0,12,
2022-05-29,7d2c632a05bbb03ca97555d61be83c41,,,1270.0,1432.0,,,240.0,10,2.0
2022-05-30,7d2c632a05bbb03ca97555d61be83c41,5.0,,1331.0,1432.0,,,488.0,8,7.0
2022-05-31,7d2c632a05bbb03ca97555d61be83c41,,,1225.0,1430.0,,,255.0,32,
2022-06-01,7d2c632a05bbb03ca97555d61be83c41,,,1280.0,1432.0,,,300.0,26,18.0
2022-06-02,7d2c632a05bbb03ca97555d61be83c41,,,1344.0,1424.0,,,135.0,19,5.0
2022-06-03,7d2c632a05bbb03ca97555d61be83c41,1.0,,1152.0,1284.0,82.0,,465.0,34,50.0
2022-06-04,7d2c632a05bbb03ca97555d61be83c41,,,1238.0,1204.0,,,285.0,35,34.0
2022-06-05,7d2c632a05bbb03ca97555d61be83c41,,1.0,1288.0,1415.0,,,210.0,14,19.0
2022-06-06,7d2c632a05bbb03ca97555d61be83c41,3.0,,1135.0,158.0,,,495.0,29,13.0
2022-06-07,7d2c632a05bbb03ca97555d61be83c41,,,866.0,980.0,440.0,,345.0,41,57.0
2022-06-08,7d2c632a05bbb03ca97555d61be83c41,,19.0,877.0,,385.0,,435.0,48,57.0
2022-06-09,7d2c632a05bbb03ca97555d61be83c41,1.0,8.0,951.0,,,,570.0,67,73.0
2022-06-10,7d2c632a05bbb03ca97555d61be83c41,1.0,,1240.0,,,,180.0,30,54.0
2022-06-11,7d2c632a05bbb03ca97555d61be83c41,,13.0,1034.0,,,80.0,300.0,67,49.0
2022-06-12,7d2c632a05bbb03ca97555d61be83c41,2.0,1.0,1084.0,,81.0,45.0,210.0,36,25.0
2022-06-13,7d2c632a05bbb03ca97555d61be83c41,5.0,,1074.0,,,,435.0,30,109.0
2022-06-14,7d2c632a05bbb03ca97555d61be83c41,,1.0,1244.0,,,,165.0,74,18.0
2022-06-15,7d2c632a05bbb03ca97555d61be83c41,,,1097.0,,,,540.0,51,14.0
